GashaMedalShopId,Name,GashaMedalId,UseGashaMedalNum,PurchaseLimit,StartDate,EndDate
15701,"≪不屈の誓い≫キリト",10002,300,-1,"2020/03/10 7:00:00","2020/03/31 2:00:00"
15702,"≪明日への誓い≫アスナ",10002,300,-1,"2020/03/10 7:00:00","2020/03/31 2:00:00"
15703,"ダークリパルサー",10002,60,-1,"2020/03/10 7:00:00","2020/03/31 2:00:00"
15801,"《恒久の愛情》ユージオ",10001,180,-1,"2020/03/03 7:00:00","2020/03/24 2:00:00"
15802,"《赤誠の求愛》キリト",10001,30,-1,"2020/03/03 7:00:00","2020/03/24 2:00:00"
15803,"《狂愛の誓い》クラディール",10001,30,-1,"2020/03/03 7:00:00","2020/03/24 2:00:00"
15901,"《空島繋ぐ架け橋》レイン",10159,150,-1,"2020/06/09 7:00:00","2020/07/21 2:00:00"
15902,"《一騎多閃》レイン",10159,30,-1,"2020/06/09 7:00:00","2020/07/21 2:00:00"
15903,"《温かな眼差し》レイン",10159,30,-1,"2020/06/09 7:00:00","2020/07/21 2:00:00"
15904,"ソード・オブ・ホグニ",10159,30,-1,"2020/06/09 7:00:00","2020/07/21 2:00:00"
16301,"《愛おしい日常》ユウキ",10163,90,-1,"2020/07/07 7:00:00","2020/07/28 2:00:00"
16302,"《早朝の誘い》アスナ",10163,15,-1,"2020/07/07 7:00:00","2020/07/28 2:00:00"
16303,"《花の女子高生》リズベット",10163,15,-1,"2020/07/07 7:00:00","2020/07/28 2:00:00"
16304,"《通学路の乙女》シリカ",10163,15,-1,"2020/07/07 7:00:00","2020/07/28 2:00:00"
16401,"《恒久の愛情》ユージオ",10001,180,-1,"2020/06/23 7:00:00","2020/07/14 2:00:00"
16402,"《赤誠の求愛》キリト",10001,30,-1,"2020/06/23 7:00:00","2020/07/14 2:00:00"
16403,"《狂愛の誓い》クラディール",10001,30,-1,"2020/06/23 7:00:00","2020/07/14 2:00:00"
16501,"≪不屈の誓い≫キリト",10002,300,-1,"2020/07/07 7:00:00","2020/07/28 2:00:00"
16502,"≪明日への誓い≫アスナ",10002,300,-1,"2020/07/07 7:00:00","2020/07/28 2:00:00"
16503,"ダークリパルサー",10002,60,-1,"2020/07/07 7:00:00","2020/07/28 2:00:00"
16601,"≪ハツコイ同盟≫リズベット",10166,150,-1,"2020/06/09 7:00:00","2020/07/14 2:00:00"
16602,"≪トキメキ同盟≫シリカ",10166,150,-1,"2020/06/09 7:00:00","2020/07/14 2:00:00"
16603,"ジャルディーノ",10166,30,-1,"2020/06/09 7:00:00","2020/07/14 2:00:00"
16604,"グリダヴォル",10166,30,-1,"2020/06/09 7:00:00","2020/07/14 2:00:00"
16801,"《創世神ステイシア》アスナ",10168,150,-1,"2020/07/14 7:00:00","2020/08/18 2:00:00"
16802,"《地神テラリア》リーファ",10168,150,-1,"2020/07/14 7:00:00","2020/08/18 2:00:00"
16803,"《太陽神ソルス》シノン",10168,150,-1,"2020/07/14 7:00:00","2020/08/18 2:00:00"
16804,"ヴァーデュラス・アニマ",10168,30,-1,"2020/07/14 7:00:00","2020/08/18 2:00:00"
16805,"ラディアント・ライト",10168,30,-1,"2020/07/14 7:00:00","2020/08/18 2:00:00"
16806,"アニヒレート・レイ",10168,30,-1,"2020/07/14 7:00:00","2020/08/18 2:00:00"
17201,"《英雄纏う剣才》ユウキ",10172,150,-1,"2020/07/21 7:00:00","2020/08/11 2:00:00"
17202,"《忘却の憧憬》ユージオ",10172,150,-1,"2020/07/21 7:00:00","2020/08/11 2:00:00"
17203,"青薔薇の剣",10172,30,-1,"2020/07/21 7:00:00","2020/08/11 2:00:00"
17204,"オブシディアナ",10172,30,-1,"2020/07/21 7:00:00","2020/08/11 2:00:00"
17301,"《揺るぎない信愛》シノン",10173,90,-1,"2020/07/21 7:00:00","2020/08/18 2:00:00"
17302,"《夢へ至る純愛》ユウキ",10173,90,-1,"2020/07/21 7:00:00","2020/08/18 2:00:00"
17303,"《運命の寵愛》キリト",10173,15,-1,"2020/07/21 7:00:00","2020/08/18 2:00:00"
17304,"《美貌の愛妻》アスナ",10173,15,-1,"2020/07/21 7:00:00","2020/08/18 2:00:00"
17305,"《豊かなる恵愛》直葉",10173,15,-1,"2020/07/21 7:00:00","2020/08/18 2:00:00"
17306,"《端麗な深愛》リズベット",10173,15,-1,"2020/07/21 7:00:00","2020/08/18 2:00:00"
17307,"《純真な情愛》シリカ",10173,15,-1,"2020/07/21 7:00:00","2020/08/18 2:00:00"
17308,"《高潔なる忠愛》アリス",10173,15,-1,"2020/07/21 7:00:00","2020/08/18 2:00:00"
17601,"≪透き通る青≫アリス",10176,150,-1,"2020/08/11 7:00:00","2020/09/15 2:00:00"
17602,"≪白砂の少女≫シリカ",10176,150,-1,"2020/08/11 7:00:00","2020/09/15 2:00:00"
17603,"≪目映い太陽≫リズベット",10176,150,-1,"2020/08/11 7:00:00","2020/09/15 2:00:00"
17604,"金木犀の剣",10176,30,-1,"2020/08/11 7:00:00","2020/09/15 2:00:00"
17605,"スクレープ",10176,30,-1,"2020/08/11 7:00:00","2020/09/15 2:00:00"
17606,"ジャイアント・タスク",10176,30,-1,"2020/08/11 7:00:00","2020/09/15 2:00:00"
17607,"ゴールド・ネックレス",10176,30,-1,"2020/08/11 7:00:00","2020/09/15 2:00:00"
17608,"ヒーローコード：ボスキラー",10176,100,-1,"2020/08/11 7:00:00","2020/09/15 2:00:00"
17609,"ヒーローコード：Mobキラー",10176,100,-1,"2020/08/11 7:00:00","2020/09/15 2:00:00"
17610,"ヒーローコード：HP最大時強化",10176,100,-1,"2020/08/11 7:00:00","2020/09/15 2:00:00"
17611,"ヒーローコード：HP低下時強化",10176,100,-1,"2020/08/11 7:00:00","2020/09/15 2:00:00"
18001,"≪現実を超えて≫キリト",10180,150,-1,"2020/09/08 7:00:00","2020/10/13 2:00:00"
18002,"≪鮮やかな閃光≫アスナ",10180,150,-1,"2020/09/08 7:00:00","2020/10/13 2:00:00"
18003,"≪剣に乗せた想い≫リーファ",10180,150,-1,"2020/09/08 7:00:00","2020/10/13 2:00:00"
18004,"エリュシデータ",10180,30,-1,"2020/09/08 7:00:00","2020/10/13 2:00:00"
18005,"アロンダイト",10180,30,-1,"2020/09/08 7:00:00","2020/10/13 2:00:00"
18006,"ムラマサ",10180,30,-1,"2020/09/08 7:00:00","2020/10/13 2:00:00"
18007,"ゴールド・ネックレス",10180,30,-1,"2020/09/08 7:00:00","2020/10/13 2:00:00"
18008,"ヒーローコード：ボスキラー",10180,100,-1,"2020/09/08 7:00:00","2020/10/13 2:00:00"
18009,"ヒーローコード：Mobキラー",10180,100,-1,"2020/09/08 7:00:00","2020/10/13 2:00:00"
18010,"ヒーローコード：HP最大時強化",10180,100,-1,"2020/09/08 7:00:00","2020/10/13 2:00:00"
18011,"ヒーローコード：HP低下時強化",10180,100,-1,"2020/09/08 7:00:00","2020/10/13 2:00:00"
18401,"《真夏の眩耀》アスナ",10184,150,-1,"2020/08/11 7:00:00","2020/09/01 2:00:00"
18402,"《魅惑の夏日》リーファ",10184,150,-1,"2020/08/11 7:00:00","2020/09/01 2:00:00"
18403,"《砂浜の女神》シノン",10184,150,-1,"2020/08/11 7:00:00","2020/09/01 2:00:00"
18404,"エリュシデータ",10184,30,-1,"2020/08/11 7:00:00","2020/09/01 2:00:00"
18405,"アロンダイト",10184,30,-1,"2020/08/11 7:00:00","2020/09/01 2:00:00"
18406,"MEBRマニアック",10184,30,-1,"2020/08/11 7:00:00","2020/09/01 2:00:00"
18407,"ゴールド・ネックレス",10184,30,-1,"2020/08/11 7:00:00","2020/09/01 2:00:00"
18408,"ヒーローコード：ボスキラー",10184,100,-1,"2020/08/11 7:00:00","2020/09/01 2:00:00"
18409,"ヒーローコード：Mobキラー",10184,100,-1,"2020/08/11 7:00:00","2020/09/01 2:00:00"
18410,"ヒーローコード：HP最大時強化",10184,100,-1,"2020/08/11 7:00:00","2020/09/01 2:00:00"
18411,"ヒーローコード：HP低下時強化",10184,100,-1,"2020/08/11 7:00:00","2020/09/01 2:00:00"
18501,"《兄想う妖精》リーファ",10185,150,-1,"2020/09/22 7:00:00","2020/10/13 2:00:00"
18502,"《向き合う勇気》シノン",10185,150,-1,"2020/09/22 7:00:00","2020/10/13 2:00:00"
18503,"ヴァルトレーニス",10185,30,-1,"2020/09/22 7:00:00","2020/10/13 2:00:00"
18504,"アネモイ",10185,30,-1,"2020/09/22 7:00:00","2020/10/13 2:00:00"
18505,"ゴールド・ネックレス",10185,30,-1,"2020/09/22 7:00:00","2020/10/13 2:00:00"
18506,"ヒーローコード：ボスキラー",10185,100,-1,"2020/09/22 7:00:00","2020/10/13 2:00:00"
18507,"ヒーローコード：Mobキラー",10185,100,-1,"2020/09/22 7:00:00","2020/10/13 2:00:00"
18508,"ヒーローコード：HP最大時強化",10185,100,-1,"2020/09/22 7:00:00","2020/10/13 2:00:00"
18509,"ヒーローコード：HP低下時強化",10185,100,-1,"2020/09/22 7:00:00","2020/10/13 2:00:00"
18601,"《納涼の令嬢》アスナ",10186,90,-1,"2020/08/18 7:00:00","2020/09/15 2:00:00"
18602,"《真夏の誘惑》シノン",10186,90,-1,"2020/08/18 7:00:00","2020/09/15 2:00:00"
18603,"《優美な夏姫》直葉",10186,15,-1,"2020/08/18 7:00:00","2020/09/15 2:00:00"
18604,"《海の漢》エギル",10186,15,-1,"2020/08/18 7:00:00","2020/09/15 2:00:00"
18605,"《南風の爛漫娘》ユウキ",10186,15,-1,"2020/08/18 7:00:00","2020/09/15 2:00:00"
18606,"《炎天の疾影》アルゴ",10186,15,-1,"2020/08/18 7:00:00","2020/09/15 2:00:00"
18607,"《清夏の羽休め》フィリア",10186,15,-1,"2020/08/18 7:00:00","2020/09/15 2:00:00"
18608,"《夏空の遊翼》ユイ＆ピナ",10186,15,-1,"2020/08/18 7:00:00","2020/09/15 2:00:00"
18901,"《盛夏の花形》セブン",10189,90,-1,"2020/08/25 7:00:00","2020/09/15 2:00:00"
18902,"《艶やか彩花》リズベット",10189,15,-1,"2020/08/25 7:00:00","2020/09/15 2:00:00"
18903,"《祭礼の彩り》シリカ",10189,15,-1,"2020/08/25 7:00:00","2020/09/15 2:00:00"
18904,"《賑わいの明光》レイン",10189,15,-1,"2020/08/25 7:00:00","2020/09/15 2:00:00"
19001,"《お姫様メイド》アリス",10190,90,-1,"2020/09/08 7:00:00","2020/09/29 2:00:00"
19002,"《お嬢様メイド》アスナ",10190,15,-1,"2020/09/08 7:00:00","2020/09/29 2:00:00"
19003,"《お世話好きメイド》直葉",10190,15,-1,"2020/09/08 7:00:00","2020/09/29 2:00:00"
19004,"《純真メイド》ユイ",10190,15,-1,"2020/09/08 7:00:00","2020/09/29 2:00:00"
19101,"《チアー・アップ！》フィリア",10191,90,-1,"2020/09/22 7:00:00","2020/10/13 2:00:00"
19102,"《チアフル・リーダー》アスナ",10191,15,-1,"2020/09/22 7:00:00","2020/10/13 2:00:00"
19103,"《チアフル・ジャンプ》リーファ",10191,15,-1,"2020/09/22 7:00:00","2020/10/13 2:00:00"
19104,"《チアフル・エール》シリカ",10191,15,-1,"2020/09/22 7:00:00","2020/10/13 2:00:00"
19201,"《晴天の高揚》ユウキ",10192,90,-1,"2020/08/04 7:00:00","2020/08/25 2:00:00"
19202,"《熱砂の輝き》リズベット",10192,90,-1,"2020/08/04 7:00:00","2020/08/25 2:00:00"
19203,"《炎夏のひと時》ストレア",10192,90,-1,"2020/08/04 7:00:00","2020/08/25 2:00:00"
19204,"《盛夏の思い出》サチ",10192,90,-1,"2020/08/04 7:00:00","2020/08/25 2:00:00"
19205,"《華夜の巧者》シノン",10192,90,-1,"2020/08/04 7:00:00","2020/08/25 2:00:00"
19206,"《はじける笑顔》シリカ",10192,15,-1,"2020/08/04 7:00:00","2020/08/25 2:00:00"
19207,"《真夏の遊戯》キリト",10192,15,-1,"2020/08/04 7:00:00","2020/08/25 2:00:00"
19208,"《納涼の誘い》フィリア",10192,15,-1,"2020/08/04 7:00:00","2020/08/25 2:00:00"
19209,"《暑熱の高鳴り》ユイ",10192,15,-1,"2020/08/04 7:00:00","2020/08/25 2:00:00"
19210,"《一夏の華》アスナ",10192,15,-1,"2020/08/04 7:00:00","2020/08/25 2:00:00"
19211,"《華輝の妖精》リーファ",10192,15,-1,"2020/08/04 7:00:00","2020/08/25 2:00:00"
19212,"《真夏の憧憬》ユウキ",10192,15,-1,"2020/08/04 7:00:00","2020/08/25 2:00:00"
19213,"《熱暑の漢達》エギル＆クライン",10192,10,-1,"2020/08/04 7:00:00","2020/08/25 2:00:00"
19214,"《水辺の戯れ》セブン＆レイン",10192,10,-1,"2020/08/04 7:00:00","2020/08/25 2:00:00"
19301,"《現を射抜く眼》シノン",10193,150,-1,"2020/10/20 7:00:00","2020/12/01 2:00:00"
19302,"《同志と共に》クライン",10193,150,-1,"2020/10/20 7:00:00","2020/12/01 2:00:00"
19303,"《仮想を駆けて》ユウキ",10193,150,-1,"2020/10/20 7:00:00","2020/12/01 2:00:00"
19304,"MEBRマニアック",10193,30,-1,"2020/10/20 7:00:00","2020/12/01 2:00:00"
19305,"ムラマサ",10193,30,-1,"2020/10/20 7:00:00","2020/12/01 2:00:00"
19306,"オブシディアナ",10193,30,-1,"2020/10/20 7:00:00","2020/12/01 2:00:00"
19307,"ゴールド・ネックレス",10193,30,-1,"2020/10/20 7:00:00","2020/12/01 2:00:00"
19308,"ヒーローコード：ボスキラー",10193,100,-1,"2020/10/20 7:00:00","2020/12/01 2:00:00"
19309,"ヒーローコード：Mobキラー",10193,100,-1,"2020/10/20 7:00:00","2020/12/01 2:00:00"
19310,"ヒーローコード：HP最大時強化",10193,100,-1,"2020/10/20 7:00:00","2020/12/01 2:00:00"
19311,"ヒーローコード：HP低下時強化",10193,100,-1,"2020/10/20 7:00:00","2020/12/01 2:00:00"
19701,"《劇甚なる金木犀》アリス",10197,150,-1,"2020/11/10 7:00:00","2020/12/01 2:00:00"
19702,"《蒼撃の竜姫》シリカ",10197,30,-1,"2020/11/10 7:00:00","2020/12/01 2:00:00"
19703,"《光速の絶技》ユウキ",10197,30,-1,"2020/11/10 7:00:00","2020/12/01 2:00:00"
19704,"《疾鼠の刻爪》アルゴ",10197,30,-1,"2020/11/10 7:00:00","2020/12/01 2:00:00"
19705,"金木犀の剣",10197,30,-1,"2020/11/10 7:00:00","2020/12/01 2:00:00"
19706,"スクレープ",10197,30,-1,"2020/11/10 7:00:00","2020/12/01 2:00:00"
19707,"オブシディアナ",10197,30,-1,"2020/11/10 7:00:00","2020/12/01 2:00:00"
19708,"ウィズィー・ガジェット",10197,30,-1,"2020/11/10 7:00:00","2020/12/01 2:00:00"
19709,"ゴールド・ネックレス",10197,30,-1,"2020/11/10 7:00:00","2020/12/01 2:00:00"
19710,"ヒーローコード：ボスキラー",10197,100,-1,"2020/11/10 7:00:00","2020/12/01 2:00:00"
19711,"ヒーローコード：Mobキラー",10197,100,-1,"2020/11/10 7:00:00","2020/12/01 2:00:00"
19712,"ヒーローコード：HP最大時強化",10197,100,-1,"2020/11/10 7:00:00","2020/12/01 2:00:00"
19713,"ヒーローコード：HP低下時強化",10197,100,-1,"2020/11/10 7:00:00","2020/12/01 2:00:00"
19801,"《倒れぬ意志》リーファ",10198,150,-1,"2020/10/06 7:00:00","2020/10/27 2:00:00"
19802,"《見据える勝利》シノン",10198,150,-1,"2020/10/06 7:00:00","2020/10/27 2:00:00"
19803,"ヴァーデュラス・アニマ",10198,30,-1,"2020/10/06 7:00:00","2020/10/27 2:00:00"
19804,"MEBRマニアック",10198,30,-1,"2020/10/06 7:00:00","2020/10/27 2:00:00"
19805,"ゴールド・ネックレス",10198,30,-1,"2020/10/06 7:00:00","2020/10/27 2:00:00"
19806,"ヒーローコード：ボスキラー",10198,100,-1,"2020/10/06 7:00:00","2020/10/27 2:00:00"
19807,"ヒーローコード：Mobキラー",10198,100,-1,"2020/10/06 7:00:00","2020/10/27 2:00:00"
19808,"ヒーローコード：HP最大時強化",10198,100,-1,"2020/10/06 7:00:00","2020/10/27 2:00:00"
19809,"ヒーローコード：HP低下時強化",10198,100,-1,"2020/10/06 7:00:00","2020/10/27 2:00:00"
19901,"《羽ばたく希望》アスナ",10199,150,-1,"2020/11/24 7:00:00","2020/12/15 2:00:00"
19902,"《輝く勇気》ユウキ",10199,150,-1,"2020/11/24 7:00:00","2020/12/15 2:00:00"
19903,"ラディアント・ライト",10199,30,-1,"2020/11/24 7:00:00","2020/12/15 2:00:00"
19904,"オブシディアナ",10199,30,-1,"2020/11/24 7:00:00","2020/12/15 2:00:00"
19905,"ゴールド・ネックレス",10199,30,-1,"2020/11/24 7:00:00","2020/12/15 2:00:00"
19906,"ヒーローコード：ボスキラー",10199,100,-1,"2020/11/24 7:00:00","2020/12/15 2:00:00"
19907,"ヒーローコード：Mobキラー",10199,100,-1,"2020/11/24 7:00:00","2020/12/15 2:00:00"
19908,"ヒーローコード：HP最大時強化",10199,100,-1,"2020/11/24 7:00:00","2020/12/15 2:00:00"
19909,"ヒーローコード：HP低下時強化",10199,100,-1,"2020/11/24 7:00:00","2020/12/15 2:00:00"
20001,"《宵闇の戦士》キリト",10200,90,-1,"2020/10/13 7:00:00","2020/11/03 2:00:00"
20002,"《愛を紡ぐ天使》アスナ",10200,90,-1,"2020/10/13 7:00:00","2020/11/03 2:00:00"
20003,"《光輝の天使》アリス",10200,15,-1,"2020/10/13 7:00:00","2020/11/03 2:00:00"
20004,"《闇の貴公子》ユージオ",10200,15,-1,"2020/10/13 7:00:00","2020/11/03 2:00:00"
20005,"《愛しき闇天使》ユイ",10200,10,-1,"2020/10/13 7:00:00","2020/11/03 2:00:00"
20101,"《キューティ・ウルフ》ユウキ",10201,90,-1,"2020/10/27 7:00:00","2020/11/17 2:00:00"
20102,"《ブラッキー・ヴァンプ》キリト",10201,15,-1,"2020/10/27 7:00:00","2020/11/17 2:00:00"
20103,"《ラグー・ウィッチ》アスナ",10201,15,-1,"2020/10/27 7:00:00","2020/11/17 2:00:00"
20104,"《ムーンナイト・ウルフ》リーファ",10201,15,-1,"2020/10/27 7:00:00","2020/11/17 2:00:00"
20201,"《輝夜の月うさぎ》アスナ",10202,90,-1,"2020/11/03 7:00:00","2020/11/24 2:00:00"
20202,"《佳宵の月うさぎ》アリス",10202,90,-1,"2020/11/03 7:00:00","2020/11/24 2:00:00"
20203,"《暁の月うさぎ》リーファ",10202,15,-1,"2020/11/03 7:00:00","2020/11/24 2:00:00"
20204,"《宵闇の月うさぎ》シノン",10202,15,-1,"2020/11/03 7:00:00","2020/11/24 2:00:00"
20205,"《黄昏の月うさぎ》ユウキ",10202,10,-1,"2020/11/03 7:00:00","2020/11/24 2:00:00"
20301,"《笑顔の奉迎》レイン",10203,90,-1,"2020/11/17 7:00:00","2020/12/08 2:00:00"
20302,"《氷静の差添》シノン",10203,15,-1,"2020/11/17 7:00:00","2020/12/08 2:00:00"
20303,"《桜袖の応援》シリカ",10203,15,-1,"2020/11/17 7:00:00","2020/12/08 2:00:00"
20304,"《奉仕の戦華》ストレア",10203,15,-1,"2020/11/17 7:00:00","2020/12/08 2:00:00"
20401,"《スウィートウィッチ》ユイ",10204,90,-1,"2020/10/06 7:00:00","2020/10/27 2:00:00"
20402,"《ドリーミィ・バニー》アスナ",10204,90,-1,"2020/10/06 7:00:00","2020/10/27 2:00:00"
20403,"《クレバーソーサレス》シノン",10204,15,-1,"2020/10/06 7:00:00","2020/10/27 2:00:00"
20404,"《マジカルスミス》リズベット",10204,15,-1,"2020/10/06 7:00:00","2020/10/27 2:00:00"
20405,"《キャットモンスター》シリカ",10204,15,-1,"2020/10/06 7:00:00","2020/10/27 2:00:00"
20406,"《ファイン・サービング》直葉",10204,15,-1,"2020/10/06 7:00:00","2020/10/27 2:00:00"
20407,"《ベット・タイム！》ユウキ",10204,15,-1,"2020/10/06 7:00:00","2020/10/27 2:00:00"
20408,"《ベスト・サービス》ストレア",10204,15,-1,"2020/10/06 7:00:00","2020/10/27 2:00:00"
20501,"《永久の約束》キリト＆アスナ＆ユイ",10205,90,-1,"2020/10/20 7:00:00","2020/11/10 2:00:00"
20502,"《在りし日の宝物》アリス",10205,90,-1,"2020/10/20 7:00:00","2020/11/10 2:00:00"
20503,"《竹馬の友》キリト＆ユージオ",10205,90,-1,"2020/10/20 7:00:00","2020/11/10 2:00:00"
20504,"《優艶な幼な妻》アスナ",10205,15,-1,"2020/10/20 7:00:00","2020/11/10 2:00:00"
20505,"《光彩の加護》ユイ",10205,15,-1,"2020/10/20 7:00:00","2020/11/10 2:00:00"
20506,"《絆の双刃》キリト＆アスナ",10205,15,-1,"2020/10/20 7:00:00","2020/11/10 2:00:00"
20507,"《在りし日の親友》ユージオ",10205,15,-1,"2020/10/20 7:00:00","2020/11/10 2:00:00"
20508,"《協同調和》アリス＆アスナ",10205,15,-1,"2020/10/20 7:00:00","2020/11/10 2:00:00"
20601,"《はにかみ露天》リズベット",10206,90,-1,"2020/11/24 7:00:00","2020/12/15 2:00:00"
20602,"《湯煙のひと時》ユイ",10206,90,-1,"2020/11/24 7:00:00","2020/12/15 2:00:00"
20603,"《食いしん坊トナカイ》シリカ",10206,90,-1,"2020/11/24 7:00:00","2020/12/15 2:00:00"
20604,"《聖夜の歌声》サチ",10206,90,-1,"2020/11/24 7:00:00","2020/12/15 2:00:00"
20605,"《温熱の誘惑》リーファ",10206,15,-1,"2020/11/24 7:00:00","2020/12/15 2:00:00"
20606,"《浴場の洗戯》ユウキ",10206,15,-1,"2020/11/24 7:00:00","2020/12/15 2:00:00"
20607,"《魅惑の綺羅星》リーファ",10206,15,-1,"2020/11/24 7:00:00","2020/12/15 2:00:00"
20608,"《雪明りの贈り物》シノン",10206,15,-1,"2020/11/24 7:00:00","2020/12/15 2:00:00"
20609,"《湯上りの一本》エギル",10206,10,-1,"2020/11/24 7:00:00","2020/12/15 2:00:00"
20610,"《雪旅の宝物》フィリア",10206,10,-1,"2020/11/24 7:00:00","2020/12/15 2:00:00"
20801,"《ジョイフルキャロル》リーファ",10208,150,-1,"2020/12/08 7:00:00","2021/01/19 2:00:00"
20802,"《ホワイトジングル》シノン",10208,150,-1,"2020/12/08 7:00:00","2021/01/19 2:00:00"
20803,"《スノープレゼント》アリス",10208,150,-1,"2020/12/08 7:00:00","2021/01/19 2:00:00"
20804,"エターナル・ツリー",10208,30,-1,"2020/12/08 7:00:00","2021/01/19 2:00:00"
20805,"スノウマン・ステッキ",10208,30,-1,"2020/12/08 7:00:00","2021/01/19 2:00:00"
20806,"ジングル・ヘッド",10208,30,-1,"2020/12/08 7:00:00","2021/01/19 2:00:00"
20807,"マジカル・リース",10208,30,-1,"2020/12/08 7:00:00","2021/01/19 2:00:00"
20808,"ヒーローコード：ボスキラー",10208,100,-1,"2020/12/08 7:00:00","2021/01/19 2:00:00"
20809,"ヒーローコード：Mobキラー",10208,100,-1,"2020/12/08 7:00:00","2021/01/19 2:00:00"
20810,"ヒーローコード：HP最大時強化",10208,100,-1,"2020/12/08 7:00:00","2021/01/19 2:00:00"
20811,"ヒーローコード：HP低下時強化",10208,100,-1,"2020/12/08 7:00:00","2021/01/19 2:00:00"
21301,"《ハッピークリスマス》アスナ",10213,150,-1,"2020/12/08 7:00:00","2021/01/08 2:00:00"
21302,"《ホーリーデコレイト》リズベット",10213,150,-1,"2020/12/08 7:00:00","2021/01/08 2:00:00"
21303,"《ギフト・トゥギャザー！ 》ユウキ",10213,150,-1,"2020/12/08 7:00:00","2021/01/08 2:00:00"
21304,"スノウマン・ステッキ",10213,30,-1,"2020/12/08 7:00:00","2021/01/08 2:00:00"
21305,"ジングル・ヘッド",10213,30,-1,"2020/12/08 7:00:00","2021/01/08 2:00:00"
21306,"エターナル・ツリー",10213,30,-1,"2020/12/08 7:00:00","2021/01/08 2:00:00"
21307,"マジカル・リース",10213,30,-1,"2020/12/08 7:00:00","2021/01/08 2:00:00"
21308,"ヒーローコード：ボスキラー",10213,100,-1,"2020/12/08 7:00:00","2021/01/08 2:00:00"
21309,"ヒーローコード：Mobキラー",10213,100,-1,"2020/12/08 7:00:00","2021/01/08 2:00:00"
21310,"ヒーローコード：HP最大時強化",10213,100,-1,"2020/12/08 7:00:00","2021/01/08 2:00:00"
21311,"ヒーローコード：HP低下時強化",10213,100,-1,"2020/12/08 7:00:00","2021/01/08 2:00:00"
21401,"《荒野の閃光》アスナ",10214,150,-1,"2021/01/12 7:00:00","2021/02/02 2:00:00"
21402,"《血盟の狙撃手》シノン",10214,150,-1,"2021/01/12 7:00:00","2021/02/02 2:00:00"
21403,"MEBRマニアック",10214,30,-1,"2021/01/12 7:00:00","2021/02/02 2:00:00"
21404,"アロンダイト",10214,30,-1,"2021/01/12 7:00:00","2021/02/02 2:00:00"
21405,"ゴールド・ネックレス",10214,30,-1,"2021/01/12 7:00:00","2021/02/02 2:00:00"
21406,"ヒーローコード：ボスキラー",10214,100,-1,"2021/01/12 7:00:00","2021/02/02 2:00:00"
21407,"ヒーローコード：Mobキラー",10214,100,-1,"2021/01/12 7:00:00","2021/02/02 2:00:00"
21408,"ヒーローコード：HP最大時強化",10214,100,-1,"2021/01/12 7:00:00","2021/02/02 2:00:00"
21409,"ヒーローコード：HP低下時強化",10214,100,-1,"2021/01/12 7:00:00","2021/02/02 2:00:00"
21501,"《湯浴みの紅潮》シノン",10215,150,-1,"2021/01/19 7:00:00","2021/02/09 2:00:00"
21502,"《秘湯の恥じらい》シリカ",10215,150,-1,"2021/01/19 7:00:00","2021/02/09 2:00:00"
21503,"《火照る温浴》アリス",10215,150,-1,"2021/01/19 7:00:00","2021/02/09 2:00:00"
21504,"フェイルノート",10215,30,-1,"2021/01/19 7:00:00","2021/02/09 2:00:00"
21505,"スクレープ",10215,30,-1,"2021/01/19 7:00:00","2021/02/09 2:00:00"
21506,"金木犀の剣",10215,30,-1,"2021/01/19 7:00:00","2021/02/09 2:00:00"
21507,"ゴールド・ネックレス",10215,30,-1,"2021/01/19 7:00:00","2021/02/09 2:00:00"
21508,"ヒーローコード：ボスキラー",10215,100,-1,"2021/01/19 7:00:00","2021/02/09 2:00:00"
21509,"ヒーローコード：Mobキラー",10215,100,-1,"2021/01/19 7:00:00","2021/02/09 2:00:00"
21510,"ヒーローコード：HP最大時強化",10215,100,-1,"2021/01/19 7:00:00","2021/02/09 2:00:00"
21511,"ヒーローコード：HP低下時強化",10215,100,-1,"2021/01/19 7:00:00","2021/02/09 2:00:00"
21601,"《生彩放つ飛躍》アスナ",10216,150,-1,"2021/01/01 7:00:00","2021/01/26 2:00:00"
21602,"《純真な想望》ユウキ",10216,150,-1,"2021/01/01 7:00:00","2021/01/26 2:00:00"
21603,"《親愛なる漆黒》リーファ",10216,150,-1,"2021/01/01 7:00:00","2021/01/26 2:00:00"
21604,"《黒衣の聖騎士》アリス",10216,150,-1,"2021/01/01 7:00:00","2021/01/26 2:00:00"
21605,"《ハツコイ同盟》リズベット",10216,150,-1,"2021/01/01 7:00:00","2021/01/26 2:00:00"
21606,"《トキメキ同盟》シリカ",10216,150,-1,"2021/01/01 7:00:00","2021/01/26 2:00:00"
21607,"《英雄纏う剣才》ユウキ",10216,150,-1,"2021/01/01 7:00:00","2021/01/26 2:00:00"
21608,"《忘却の憧憬》ユージオ",10216,150,-1,"2021/01/01 7:00:00","2021/01/26 2:00:00"
21609,"《SAOゲーム攻略会議2019》キリト",10216,150,-1,"2021/01/01 7:00:00","2021/01/26 2:00:00"
21610,"《不屈の誓い》キリト",10216,150,-1,"2021/01/01 7:00:00","2021/01/26 2:00:00"
21611,"《明日への誓い》アスナ",10216,150,-1,"2021/01/01 7:00:00","2021/01/26 2:00:00"
21612,"《目映い太陽》リズベット",10216,150,-1,"2021/01/01 7:00:00","2021/01/26 2:00:00"
21613,"《白砂の少女》シリカ",10216,150,-1,"2021/01/01 7:00:00","2021/01/26 2:00:00"
21614,"《透き通る青》アリス",10216,150,-1,"2021/01/01 7:00:00","2021/01/26 2:00:00"
21615,"《紅葉の祝福》ユウキ",10216,150,-1,"2021/01/01 7:00:00","2021/01/26 2:00:00"
21616,"《慈愛の光彩》アスナ",10216,30,-1,"2021/01/01 7:00:00","2021/01/26 2:00:00"
21617,"《快活なお誘い》リズベット",10216,30,-1,"2021/01/01 7:00:00","2021/01/26 2:00:00"
21618,"《至福のひと時》シリカ",10216,30,-1,"2021/01/01 7:00:00","2021/01/26 2:00:00"
21801,"《雪華の美姫》アスナ",10218,90,-1,"2020/12/01 7:00:00","2020/12/22 2:00:00"
21802,"《プリンセスオリオン》直葉",10218,15,-1,"2020/12/01 7:00:00","2020/12/22 2:00:00"
21803,"《聖夜の妖精》シノン",10218,15,-1,"2020/12/01 7:00:00","2020/12/22 2:00:00"
21804,"《ウインタークラウス》ユウキ",10218,15,-1,"2020/12/01 7:00:00","2020/12/22 2:00:00"
21901,"《冬宴の魅雪》ストレア",10219,90,-1,"2020/12/15 7:00:00","2021/01/08 2:00:00"
21902,"《妖精のクリスマス》アスナ",10219,15,-1,"2020/12/15 7:00:00","2021/01/08 2:00:00"
21903,"《秘める恋心》リズベット",10219,15,-1,"2020/12/15 7:00:00","2021/01/08 2:00:00"
21904,"《聖夜の贈り物》サチ",10219,15,-1,"2020/12/15 7:00:00","2021/01/08 2:00:00"
22001,"《温泉の弓姫》シノン",10220,90,-1,"2021/01/19 7:00:00","2021/02/09 2:00:00"
22002,"《湯上り剣士》キリト",10220,15,-1,"2021/01/19 7:00:00","2021/02/09 2:00:00"
22003,"《背流し癒湯姫》アスナ",10220,15,-1,"2021/01/19 7:00:00","2021/02/09 2:00:00"
22004,"《仲良し洗いっこ》シリカ",10220,15,-1,"2021/01/19 7:00:00","2021/02/09 2:00:00"
22101,"《世界を包む星空》キリト",10221,150,-1,"2021/01/26 7:00:00","2021/03/02 2:00:00"
22102,"《世界を導く光》アリス",10221,150,-1,"2021/01/26 7:00:00","2021/03/02 2:00:00"
22103,"《世界を見守る剣》ユージオ",10221,150,-1,"2021/01/26 7:00:00","2021/03/02 2:00:00"
22104,"夜空の剣",10221,30,-1,"2021/01/26 7:00:00","2021/03/02 2:00:00"
22105,"金木犀の剣",10221,30,-1,"2021/01/26 7:00:00","2021/03/02 2:00:00"
22106,"青薔薇の剣",10221,30,-1,"2021/01/26 7:00:00","2021/03/02 2:00:00"
22107,"ゴールド・ネックレス",10221,30,-1,"2021/01/26 7:00:00","2021/03/02 2:00:00"
22108,"ヒーローコード：ボスキラー",10221,100,-1,"2021/01/26 7:00:00","2021/03/02 2:00:00"
22109,"ヒーローコード：Mobキラー",10221,100,-1,"2021/01/26 7:00:00","2021/03/02 2:00:00"
22110,"ヒーローコード：HP最大時強化",10221,100,-1,"2021/01/26 7:00:00","2021/03/02 2:00:00"
22111,"ヒーローコード：HP低下時強化",10221,100,-1,"2021/01/26 7:00:00","2021/03/02 2:00:00"
22201,"《湯の華咲いた》アスナ",10222,150,-1,"2021/02/02 7:00:00","2021/03/23 2:00:00"
22202,"《豊潤な湯浴み》リーファ",10222,150,-1,"2021/02/02 7:00:00","2021/03/23 2:00:00"
22203,"《温浴の寛ぎ》ユウキ",10222,150,-1,"2021/02/02 7:00:00","2021/03/23 2:00:00"
22204,"《秘境の癒湯》アルゴ",10222,150,-1,"2021/02/02 7:00:00","2021/03/23 2:00:00"
22205,"《湯上り素顔》レイン",10222,150,-1,"2021/02/02 7:00:00","2021/03/23 2:00:00"
22206,"アロンダイト",10222,30,-1,"2021/02/02 7:00:00","2021/03/23 2:00:00"
22207,"ヴァルトレーニス",10222,30,-1,"2021/02/02 7:00:00","2021/03/23 2:00:00"
22208,"オブシディアナ",10222,30,-1,"2021/02/02 7:00:00","2021/03/23 2:00:00"
22209,"スクレープ",10222,30,-1,"2021/02/02 7:00:00","2021/03/23 2:00:00"
22210,"ソード・オブ・ホグニ",10222,30,-1,"2021/02/02 7:00:00","2021/03/23 2:00:00"
22211,"ゴールド・ネックレス",10222,30,-1,"2021/02/02 7:00:00","2021/03/23 2:00:00"
22212,"ヒーローコード：ボスキラー",10222,100,-1,"2021/02/02 7:00:00","2021/03/23 2:00:00"
22213,"ヒーローコード：Mobキラー",10222,100,-1,"2021/02/02 7:00:00","2021/03/23 2:00:00"
22214,"ヒーローコード：HP最大時強化",10222,100,-1,"2021/02/02 7:00:00","2021/03/23 2:00:00"
22215,"ヒーローコード：HP低下時強化",10222,100,-1,"2021/02/02 7:00:00","2021/03/23 2:00:00"
22801,"《気儘な黒猫》キリト",10228,150,-1,"2021/02/09 7:00:00","2021/03/16 2:00:00"
22802,"《ねころび愛猫》アスナ",10228,150,-1,"2021/02/09 7:00:00","2021/03/16 2:00:00"
22803,"《奔放な萌猫》リーファ",10228,150,-1,"2021/02/09 7:00:00","2021/03/16 2:00:00"
22804,"《またたび仔猫》ユウキ",10228,150,-1,"2021/02/09 7:00:00","2021/03/16 2:00:00"
22805,"《慧眼の弓猫》シノン",10228,30,-1,"2021/02/09 7:00:00","2021/03/16 2:00:00"
22806,"《友情の桃猫》リズベット",10228,30,-1,"2021/02/09 7:00:00","2021/03/16 2:00:00"
22807,"《可憐な幼猫》シリカ",10228,30,-1,"2021/02/09 7:00:00","2021/03/16 2:00:00"
22808,"《猫耳の豪商》エギル",10228,30,-1,"2021/02/09 7:00:00","2021/03/16 2:00:00"
22809,"キティ・パウ",10228,30,-1,"2021/02/09 7:00:00","2021/03/16 2:00:00"
22810,"ゴールド・ネックレス",10228,30,-1,"2021/02/09 7:00:00","2021/03/16 2:00:00"
22811,"ヒーローコード：ボスキラー",10228,100,-1,"2021/02/09 7:00:00","2021/03/16 2:00:00"
22812,"ヒーローコード：Mobキラー",10228,100,-1,"2021/02/09 7:00:00","2021/03/16 2:00:00"
22813,"ヒーローコード：HP最大時強化",10228,100,-1,"2021/02/09 7:00:00","2021/03/16 2:00:00"
22814,"ヒーローコード：HP低下時強化",10228,100,-1,"2021/02/09 7:00:00","2021/03/16 2:00:00"
23201,"《笑顔守るために》キリト",10232,150,-1,"2021/03/02 7:00:00","2021/03/23 2:00:00"
23202,"《電脳の歌姫》シリカ",10232,150,-1,"2021/03/02 7:00:00","2021/03/23 2:00:00"
23203,"エリュシデータ",10232,30,-1,"2021/03/02 7:00:00","2021/03/23 2:00:00"
23204,"ジャルディーノ",10232,30,-1,"2021/03/02 7:00:00","2021/03/23 2:00:00"
23205,"ゴールド・ネックレス",10232,30,-1,"2021/03/02 7:00:00","2021/03/23 2:00:00"
23206,"ヒーローコード：ボスキラー",10232,100,-1,"2021/03/02 7:00:00","2021/03/23 2:00:00"
23207,"ヒーローコード：Mobキラー",10232,100,-1,"2021/03/02 7:00:00","2021/03/23 2:00:00"
23208,"ヒーローコード：HP最大時強化",10232,100,-1,"2021/03/02 7:00:00","2021/03/23 2:00:00"
23209,"ヒーローコード：HP低下時強化",10232,100,-1,"2021/03/02 7:00:00","2021/03/23 2:00:00"
23301,"《ふたとせ求めて》キリト",10233,150,-1,"2021/03/16 7:00:00","2021/04/13 2:00:00"
23302,"《ふたとせ歩みて》アスナ",10233,150,-1,"2021/03/16 7:00:00","2021/04/13 2:00:00"
23303,"ダークリパルサー",10233,30,-1,"2021/03/16 7:00:00","2021/04/13 2:00:00"
23304,"ラディアント・ライト",10233,30,-1,"2021/03/16 7:00:00","2021/04/13 2:00:00"
23305,"ゴールド・ネックレス",10233,30,-1,"2021/03/16 7:00:00","2021/04/13 2:00:00"
23306,"ヒーローコード：ボスキラー",10233,100,-1,"2021/03/16 7:00:00","2021/04/13 2:00:00"
23307,"ヒーローコード：Mobキラー",10233,100,-1,"2021/03/16 7:00:00","2021/04/13 2:00:00"
23308,"ヒーローコード：HP最大時強化",10233,100,-1,"2021/03/16 7:00:00","2021/04/13 2:00:00"
23309,"ヒーローコード：HP低下時強化",10233,100,-1,"2021/03/16 7:00:00","2021/04/13 2:00:00"
23401,"《甘い真心》リズベット",10234,90,-1,"2021/02/02 7:00:00","2021/02/23 2:00:00"
23402,"《甘い恋のコクハク》シノン",10234,15,-1,"2021/02/02 7:00:00","2021/02/23 2:00:00"
23403,"《思慕の猫姫》シリカ",10234,15,-1,"2021/02/02 7:00:00","2021/02/23 2:00:00"
23404,"《恋焦がれるココロ》ユウキ",10234,15,-1,"2021/02/02 7:00:00","2021/02/23 2:00:00"
23501,"《安らかな夢見》リーファ",10235,90,-1,"2021/02/16 7:00:00","2021/03/09 2:00:00"
23502,"《早天の射手》シノン",10235,15,-1,"2021/02/16 7:00:00","2021/03/09 2:00:00"
23503,"《夢路への誘い》ストレア",10235,15,-1,"2021/02/16 7:00:00","2021/03/09 2:00:00"
23504,"《憩いの歌姫》セブン",10235,15,-1,"2021/02/16 7:00:00","2021/03/09 2:00:00"
23601,"《紫光の絶拳》ユウキ",10236,90,-1,"2021/03/02 7:00:00","2021/03/23 2:00:00"
23602,"《華麗な紅華》アスナ",10236,15,-1,"2021/03/02 7:00:00","2021/03/23 2:00:00"
23603,"《疾風の美技》リーファ",10236,15,-1,"2021/03/02 7:00:00","2021/03/23 2:00:00"
23604,"《赤影の明花》レイン",10236,15,-1,"2021/03/02 7:00:00","2021/03/23 2:00:00"
23701,"《恋情パティシエ》リーファ",10237,90,-1,"2021/03/09 7:00:00","2021/03/30 2:00:00"
23702,"《恒久の愛情》ユージオ",10237,90,-1,"2021/03/09 7:00:00","2021/03/30 2:00:00"
23703,"《最愛パティシエ》アスナ",10237,15,-1,"2021/03/09 7:00:00","2021/03/30 2:00:00"
23704,"《純情ショコラ》シノン",10237,15,-1,"2021/03/09 7:00:00","2021/03/30 2:00:00"
23705,"《恋慕ショコラ》シリカ",10237,15,-1,"2021/03/09 7:00:00","2021/03/30 2:00:00"
23706,"《赤誠の求愛》キリト",10237,15,-1,"2021/03/09 7:00:00","2021/03/30 2:00:00"
23707,"《狂愛の誓い》クラディール",10237,15,-1,"2021/03/09 7:00:00","2021/03/30 2:00:00"
23801,"《心照らす歌声》ユナ",10238,90,-1,"2021/03/16 7:00:00","2021/04/06 2:00:00"
23802,"《心奮う戦い》エイジ",10238,90,-1,"2021/03/16 7:00:00","2021/04/06 2:00:00"
23803,"EXPメモリ",10238,5,-1,"2021/03/16 7:00:00","2021/04/06 2:00:00"
23804,"プラチナ",10238,5,-1,"2021/03/16 7:00:00","2021/04/06 2:00:00"
23901,"《うららかジャンプ》アスナ",10239,150,-1,"2021/03/30 7:00:00","2021/05/04 2:00:00"
23902,"《はるかぜジャンプ》ユウキ",10239,150,-1,"2021/03/30 7:00:00","2021/05/04 2:00:00"
23903,"《ゆきどけジャンプ》アリス",10239,150,-1,"2021/03/30 7:00:00","2021/05/04 2:00:00"
23904,"アロンダイト",10239,30,-1,"2021/03/30 7:00:00","2021/05/04 2:00:00"
23905,"オブシディアナ",10239,30,-1,"2021/03/30 7:00:00","2021/05/04 2:00:00"
23906,"金木犀の剣",10239,30,-1,"2021/03/30 7:00:00","2021/05/04 2:00:00"
23907,"ゴールド・ネックレス",10239,30,-1,"2021/03/30 7:00:00","2021/05/04 2:00:00"
23908,"ヒーローコード：ボスキラー",10239,100,-1,"2021/03/30 7:00:00","2021/05/04 2:00:00"
23909,"ヒーローコード：Mobキラー",10239,100,-1,"2021/03/30 7:00:00","2021/05/04 2:00:00"
23910,"ヒーローコード：HP最大時強化",10239,100,-1,"2021/03/30 7:00:00","2021/05/04 2:00:00"
23911,"ヒーローコード：HP低下時強化",10239,100,-1,"2021/03/30 7:00:00","2021/05/04 2:00:00"
24301,"《世界を越えて》アリス",10243,150,-1,"2021/04/27 7:00:00","2021/06/01 2:00:00"
24302,"《新たな挑戦》ユージオ",10243,150,-1,"2021/04/27 7:00:00","2021/06/01 2:00:00"
24303,"《共に駆ける今》レイン",10243,150,-1,"2021/04/27 7:00:00","2021/06/01 2:00:00"
24304,"金木犀の剣",10243,30,-1,"2021/04/27 7:00:00","2021/06/01 2:00:00"
24305,"青薔薇の剣",10243,30,-1,"2021/04/27 7:00:00","2021/06/01 2:00:00"
24306,"ソード・オブ・ホグニ",10243,30,-1,"2021/04/27 7:00:00","2021/06/01 2:00:00"
24307,"ゴールド・ネックレス",10243,30,-1,"2021/04/27 7:00:00","2021/06/01 2:00:00"
24308,"ヒーローコード：ボスキラー",10243,100,-1,"2021/04/27 7:00:00","2021/06/01 2:00:00"
24309,"ヒーローコード：Mobキラー",10243,100,-1,"2021/04/27 7:00:00","2021/06/01 2:00:00"
24310,"ヒーローコード：HP最大時強化",10243,100,-1,"2021/04/27 7:00:00","2021/06/01 2:00:00"
24311,"ヒーローコード：HP低下時強化",10243,100,-1,"2021/04/27 7:00:00","2021/06/01 2:00:00"
24701,"《フェアリー・ワルツ》アスナ",10247,150,-1,"2021/05/25 7:00:00","2021/06/22 2:00:00"
24702,"《フェアリー・マージ》リーファ",10247,150,-1,"2021/05/25 7:00:00","2021/06/22 2:00:00"
24703,"アロンダイト",10247,30,-1,"2021/05/25 7:00:00","2021/06/22 2:00:00"
24704,"ムラマサ",10247,30,-1,"2021/05/25 7:00:00","2021/06/22 2:00:00"
24705,"ゴールド・ネックレス",10247,30,-1,"2021/05/25 7:00:00","2021/06/22 2:00:00"
24706,"ヒーローコード：ボスキラー",10247,100,-1,"2021/05/25 7:00:00","2021/06/22 2:00:00"
24707,"ヒーローコード：Mobキラー",10247,100,-1,"2021/05/25 7:00:00","2021/06/22 2:00:00"
24708,"ヒーローコード：HP最大時強化",10247,100,-1,"2021/05/25 7:00:00","2021/06/22 2:00:00"
24709,"ヒーローコード：HP低下時強化",10247,100,-1,"2021/05/25 7:00:00","2021/06/22 2:00:00"
24801,"《頼れる盟友》リズベット",10248,150,-1,"2021/03/23 7:00:00","2021/04/20 2:00:00"
24802,"《勇気の跳躍》シリカ",10248,150,-1,"2021/03/23 7:00:00","2021/04/20 2:00:00"
24803,"グリダヴォル",10248,30,-1,"2021/03/23 7:00:00","2021/04/20 2:00:00"
24804,"ジャルディーノ",10248,30,-1,"2021/03/23 7:00:00","2021/04/20 2:00:00"
24805,"ゴールド・ネックレス",10248,30,-1,"2021/03/23 7:00:00","2021/04/20 2:00:00"
24806,"ヒーローコード：ボスキラー",10248,100,-1,"2021/03/23 7:00:00","2021/04/20 2:00:00"
24807,"ヒーローコード：Mobキラー",10248,100,-1,"2021/03/23 7:00:00","2021/04/20 2:00:00"
24808,"ヒーローコード：HP最大時強化",10248,100,-1,"2021/03/23 7:00:00","2021/04/20 2:00:00"
24809,"ヒーローコード：HP低下時強化",10248,100,-1,"2021/03/23 7:00:00","2021/04/20 2:00:00"
24901,"《黒衣の英雄》キリト",10249,150,-1,"2021/04/13 7:00:00","2021/05/08 2:00:00"
24902,"《英雄の剣匠》リズベット",10249,150,-1,"2021/04/13 7:00:00","2021/05/08 2:00:00"
24903,"ダークリパルサー",10249,30,-1,"2021/04/13 7:00:00","2021/05/08 2:00:00"
24904,"グリダヴォル",10249,30,-1,"2021/04/13 7:00:00","2021/05/08 2:00:00"
24905,"ゴールド・ネックレス",10249,30,-1,"2021/04/13 7:00:00","2021/05/08 2:00:00"
24906,"ヒーローコード：ボスキラー",10249,100,-1,"2021/04/13 7:00:00","2021/05/08 2:00:00"
24907,"ヒーローコード：Mobキラー",10249,100,-1,"2021/04/13 7:00:00","2021/05/08 2:00:00"
24908,"ヒーローコード：HP最大時強化",10249,100,-1,"2021/04/13 7:00:00","2021/05/08 2:00:00"
24909,"ヒーローコード：HP低下時強化",10249,100,-1,"2021/04/13 7:00:00","2021/05/08 2:00:00"
25001,"《倒れぬ意志》リーファ",10250,150,-1,"2021/05/01 7:00:00","2021/06/01 2:00:00"
25002,"《見据える勝利》シノン",10250,150,-1,"2021/05/01 7:00:00","2021/06/01 2:00:00"
25003,"《羽ばたく希望》アスナ",10250,150,-1,"2021/05/01 7:00:00","2021/06/01 2:00:00"
25004,"《輝く勇気》ユウキ",10250,150,-1,"2021/05/01 7:00:00","2021/06/01 2:00:00"
25005,"ヴァーデュラス・アニマ",10250,30,-1,"2021/05/01 7:00:00","2021/06/01 2:00:00"
25006,"MEBRマニアック",10250,30,-1,"2021/05/01 7:00:00","2021/06/01 2:00:00"
25007,"ラディアント・ライト",10250,30,-1,"2021/05/01 7:00:00","2021/06/01 2:00:00"
25008,"オブシディアナ",10250,30,-1,"2021/05/01 7:00:00","2021/06/01 2:00:00"
25009,"ゴールド・ネックレス",10250,30,-1,"2021/05/01 7:00:00","2021/06/01 2:00:00"
25010,"ヒーローコード：ボスキラー",10250,100,-1,"2021/05/01 7:00:00","2021/06/01 2:00:00"
25011,"ヒーローコード：Mobキラー",10250,100,-1,"2021/05/01 7:00:00","2021/06/01 2:00:00"
25012,"ヒーローコード：HP最大時強化",10250,100,-1,"2021/05/01 7:00:00","2021/06/01 2:00:00"
25013,"ヒーローコード：HP低下時強化",10250,100,-1,"2021/05/01 7:00:00","2021/06/01 2:00:00"
25101,"《心の傷を越えて》シノン",10251,90,-1,"2021/04/06 7:00:00","2021/04/27 2:00:00"
25102,"《春満開》リーファ",10251,15,-1,"2021/04/06 7:00:00","2021/04/27 2:00:00"
25103,"《敬慕の瞳》シリカ",10251,15,-1,"2021/04/06 7:00:00","2021/04/27 2:00:00"
25104,"《番長》キバオウ",10251,15,-1,"2021/04/06 7:00:00","2021/04/27 2:00:00"
25201,"《碧海の踊り子》シリカ",10252,90,-1,"2021/04/20 7:00:00","2021/05/18 2:00:00"
25202,"《閃花の舞姫》アスナ",10252,15,-1,"2021/04/20 7:00:00","2021/05/18 2:00:00"
25203,"《氷弾の闘舞》シノン",10252,15,-1,"2021/04/20 7:00:00","2021/05/18 2:00:00"
25204,"《探求の踊り手》フィリア",10252,15,-1,"2021/04/20 7:00:00","2021/05/18 2:00:00"
25301,"《完全無欠メイド》アスナ",10253,90,-1,"2021/05/11 7:00:00","2021/06/08 2:00:00"
25302,"《有頂天外メイド》キリト",10253,15,-1,"2021/05/11 7:00:00","2021/06/08 2:00:00"
25303,"《天真爛漫メイド》ユウキ",10253,15,-1,"2021/05/11 7:00:00","2021/06/08 2:00:00"
25304,"《才色兼備メイド》セブン",10253,15,-1,"2021/05/11 7:00:00","2021/06/08 2:00:00"
25501,"《麗凛な獣猫》シノン",10255,150,-1,"2021/06/08 7:00:00","2021/07/27 2:00:00"
25502,"《毛繕い桃猫》リズベット",10255,150,-1,"2021/06/08 7:00:00","2021/07/27 2:00:00"
25503,"《まったり愛猫》シリカ",10255,150,-1,"2021/06/08 7:00:00","2021/07/27 2:00:00"
25504,"《隆隆狩猫》エギル",10255,150,-1,"2021/06/08 7:00:00","2021/07/27 2:00:00"
25505,"《とびつき活猫》ユウキ",10255,150,-1,"2021/06/08 7:00:00","2021/07/27 2:00:00"
25506,"キティ・パウ",10255,30,-1,"2021/06/08 7:00:00","2021/07/27 2:00:00"
25507,"ゴールド・ネックレス",10255,30,-1,"2021/06/08 7:00:00","2021/07/27 2:00:00"
25508,"ヒーローコード：ボスキラー",10255,100,-1,"2021/06/08 7:00:00","2021/07/27 2:00:00"
25509,"ヒーローコード：Mobキラー",10255,100,-1,"2021/06/08 7:00:00","2021/07/27 2:00:00"
25510,"ヒーローコード：HP最大時強化",10255,100,-1,"2021/06/08 7:00:00","2021/07/27 2:00:00"
25511,"ヒーローコード：HP低下時強化",10255,100,-1,"2021/06/08 7:00:00","2021/07/27 2:00:00"
26101,"《犀薫る浜辺》アスナ",10261,150,-1,"1971/07/20 7:00:00","1971/08/17 2:00:00"
26102,"《波打ち際の彩》アリス",10261,150,-1,"1971/07/20 7:00:00","1971/08/17 2:00:00"
26103,"金木犀の剣",10261,30,-1,"1971/07/20 7:00:00","1971/08/17 2:00:00"
26104,"アロンダイト",10261,30,-1,"1971/07/20 7:00:00","1971/08/17 2:00:00"
26105,"ゴールド・ネックレス",10261,30,-1,"1971/07/20 7:00:00","1971/08/17 2:00:00"
26106,"ヒーローコード：ボスキラー",10261,100,-1,"1971/07/20 7:00:00","1971/08/17 2:00:00"
26107,"ヒーローコード：Mobキラー",10261,100,-1,"1971/07/20 7:00:00","1971/08/17 2:00:00"
26108,"ヒーローコード：HP最大時強化",10261,100,-1,"1971/07/20 7:00:00","1971/08/17 2:00:00"
26109,"ヒーローコード：HP低下時強化",10261,100,-1,"1971/07/20 7:00:00","1971/08/17 2:00:00"
26401,"《世界を包む星空》キリト",10264,150,-1,"2021/07/20 7:00:00","2021/08/17 2:00:00"
26402,"《世界を導く光》アリス",10264,150,-1,"2021/07/20 7:00:00","2021/08/17 2:00:00"
26403,"《世界を見守る剣》ユージオ",10264,150,-1,"2021/07/20 7:00:00","2021/08/17 2:00:00"
26404,"夜空の剣",10264,30,-1,"2021/07/20 7:00:00","2021/08/17 2:00:00"
26405,"金木犀の剣",10264,30,-1,"2021/07/20 7:00:00","2021/08/17 2:00:00"
26406,"青薔薇の剣",10264,30,-1,"2021/07/20 7:00:00","2021/08/17 2:00:00"
26407,"ゴールド・ネックレス",10264,30,-1,"2021/07/20 7:00:00","2021/08/17 2:00:00"
26408,"ヒーローコード：ボスキラー",10264,100,-1,"2021/07/20 7:00:00","2021/08/17 2:00:00"
26409,"ヒーローコード：Mobキラー",10264,100,-1,"2021/07/20 7:00:00","2021/08/17 2:00:00"
26410,"ヒーローコード：HP最大時強化",10264,100,-1,"2021/07/20 7:00:00","2021/08/17 2:00:00"
26411,"ヒーローコード：HP低下時強化",10264,100,-1,"2021/07/20 7:00:00","2021/08/17 2:00:00"
26601,"《天幸の恩愛》アスナ",10266,90,-1,"2021/06/01 7:00:00","2021/06/29 2:00:00"
26602,"《甘やかな誓愛》シノン",10266,15,-1,"2021/06/01 7:00:00","2021/06/29 2:00:00"
26603,"《無邪気な幼愛》ユウキ",10266,15,-1,"2021/06/01 7:00:00","2021/06/29 2:00:00"
26604,"《優艶な祝愛》ストレア",10266,15,-1,"2021/06/01 7:00:00","2021/06/29 2:00:00"
26701,"《夜天の桃虹》リズベット",10267,90,-1,"2021/07/06 7:00:00","2021/08/03 2:00:00"
26702,"《光星の天女》アスナ",10267,15,-1,"2021/07/06 7:00:00","2021/08/03 2:00:00"
26703,"《星彩の願い》シリカ",10267,15,-1,"2021/07/06 7:00:00","2021/08/03 2:00:00"
26704,"《宵闇の流星》ユウキ",10267,15,-1,"2021/07/06 7:00:00","2021/08/03 2:00:00"
26901,"《ふたとせ求めて》キリト",10233,150,-1,"2021/06/01 7:00:00","2021/06/29 2:00:00"
26902,"《ふたとせ歩みて》アスナ",10233,150,-1,"2021/06/01 7:00:00","2021/06/29 2:00:00"
26903,"ダークリパルサー",10233,30,-1,"2021/06/01 7:00:00","2021/06/29 2:00:00"
26904,"ラディアント・ライト",10233,30,-1,"2021/06/01 7:00:00","2021/06/29 2:00:00"
26905,"ゴールド・ネックレス",10233,30,-1,"2021/06/01 7:00:00","2021/06/29 2:00:00"
26906,"ヒーローコード：ボスキラー",10233,100,-1,"2021/06/01 7:00:00","2021/06/29 2:00:00"
26907,"ヒーローコード：Mobキラー",10233,100,-1,"2021/06/01 7:00:00","2021/06/29 2:00:00"
26908,"ヒーローコード：HP最大時強化",10233,100,-1,"2021/06/01 7:00:00","2021/06/29 2:00:00"
26909,"ヒーローコード：HP低下時強化",10233,100,-1,"2021/06/01 7:00:00","2021/06/29 2:00:00"
27001,"《碧海の踊り子》シリカ",10252,90,-1,"2021/07/13 7:00:00","2021/08/10 2:00:00"
27002,"《閃花の舞姫》アスナ",10252,15,-1,"2021/07/13 7:00:00","2021/08/10 2:00:00"
27003,"《氷弾の闘舞》シノン",10252,15,-1,"2021/07/13 7:00:00","2021/08/10 2:00:00"
27004,"《探求の踊り手》フィリア",10252,15,-1,"2021/07/13 7:00:00","2021/08/10 2:00:00"
27101,"《世界を越えて》アリス",10243,150,-1,"2021/06/29 7:00:00","2021/08/03 2:00:00"
27102,"《新たな挑戦》ユージオ",10243,150,-1,"2021/06/29 7:00:00","2021/08/03 2:00:00"
27103,"《共に駆ける今》レイン",10243,150,-1,"2021/06/29 7:00:00","2021/08/03 2:00:00"
27104,"金木犀の剣",10243,30,-1,"2021/06/29 7:00:00","2021/08/03 2:00:00"
27105,"青薔薇の剣",10243,30,-1,"2021/06/29 7:00:00","2021/08/03 2:00:00"
27106,"ソード・オブ・ホグニ",10243,30,-1,"2021/06/29 7:00:00","2021/08/03 2:00:00"
27107,"ゴールド・ネックレス",10243,30,-1,"2021/06/29 7:00:00","2021/08/03 2:00:00"
27108,"ヒーローコード：ボスキラー",10243,100,-1,"2021/06/29 7:00:00","2021/08/03 2:00:00"
27109,"ヒーローコード：Mobキラー",10243,100,-1,"2021/06/29 7:00:00","2021/08/03 2:00:00"
27110,"ヒーローコード：HP最大時強化",10243,100,-1,"2021/06/29 7:00:00","2021/08/03 2:00:00"
27111,"ヒーローコード：HP低下時強化",10243,100,-1,"2021/06/29 7:00:00","2021/08/03 2:00:00"
27501,"《倒れぬ意志》リーファ",10250,150,-1,"2021/06/15 7:00:00","2021/07/13 2:00:00"
27502,"《見据える勝利》シノン",10250,150,-1,"2021/06/15 7:00:00","2021/07/13 2:00:00"
27503,"《羽ばたく希望》アスナ",10250,150,-1,"2021/06/15 7:00:00","2021/07/13 2:00:00"
27504,"《輝く勇気》ユウキ",10250,150,-1,"2021/06/15 7:00:00","2021/07/13 2:00:00"
27505,"ヴァーデュラス・アニマ",10250,30,-1,"2021/06/15 7:00:00","2021/07/13 2:00:00"
27506,"MEBRマニアック",10250,30,-1,"2021/06/15 7:00:00","2021/07/13 2:00:00"
27507,"ラディアント・ライト",10250,30,-1,"2021/06/15 7:00:00","2021/07/13 2:00:00"
27508,"オブシディアナ",10250,30,-1,"2021/06/15 7:00:00","2021/07/13 2:00:00"
27509,"ゴールド・ネックレス",10250,30,-1,"2021/06/15 7:00:00","2021/07/13 2:00:00"
27510,"ヒーローコード：ボスキラー",10250,100,-1,"2021/06/15 7:00:00","2021/07/13 2:00:00"
27511,"ヒーローコード：Mobキラー",10250,100,-1,"2021/06/15 7:00:00","2021/07/13 2:00:00"
27512,"ヒーローコード：HP最大時強化",10250,100,-1,"2021/06/15 7:00:00","2021/07/13 2:00:00"
27513,"ヒーローコード：HP低下時強化",10250,100,-1,"2021/06/15 7:00:00","2021/07/13 2:00:00"
27601,"《完全無欠メイド》アスナ",10253,90,-1,"2021/06/22 7:00:00","2021/07/20 2:00:00"
27602,"《有頂天外メイド》キリト",10253,15,-1,"2021/06/22 7:00:00","2021/07/20 2:00:00"
27603,"《天真爛漫メイド》ユウキ",10253,15,-1,"2021/06/22 7:00:00","2021/07/20 2:00:00"
27604,"《才色兼備メイド》セブン",10253,15,-1,"2021/06/22 7:00:00","2021/07/20 2:00:00"
27701,"《微睡の砂浜》リーファ",10277,150,-1,"2021/07/27 7:00:00","2021/09/28 2:00:00"
27702,"《海辺の休息》リズベット",10277,150,-1,"2021/07/27 7:00:00","2021/09/28 2:00:00"
27703,"《夏の陽の夢》ユウキ",10277,150,-1,"2021/07/27 7:00:00","2021/09/28 2:00:00"
27704,"《波際の司令塔》アルゴ",10277,150,-1,"2021/07/27 7:00:00","2021/09/28 2:00:00"
27705,"《心躍る岸辺》レイン",10277,150,-1,"2021/07/27 7:00:00","2021/09/28 2:00:00"
27706,"ヴァルトレーニス",10277,30,-1,"2021/07/27 7:00:00","2021/09/28 2:00:00"
27707,"ジャイアント・タスク",10277,30,-1,"2021/07/27 7:00:00","2021/09/28 2:00:00"
27708,"オブシディアナ",10277,30,-1,"2021/07/27 7:00:00","2021/09/28 2:00:00"
27709,"スクレープ",10277,30,-1,"2021/07/27 7:00:00","2021/09/28 2:00:00"
27710,"ソード・オブ・ホグニ",10277,30,-1,"2021/07/27 7:00:00","2021/09/28 2:00:00"
27711,"ゴールド・ネックレス",10277,30,-1,"2021/07/27 7:00:00","2021/09/28 2:00:00"
27712,"ヒーローコード：ボスキラー",10277,100,-1,"2021/07/27 7:00:00","2021/09/28 2:00:00"
27713,"ヒーローコード：Mobキラー",10277,100,-1,"2021/07/27 7:00:00","2021/09/28 2:00:00"
27714,"ヒーローコード：HP最大時強化",10277,100,-1,"2021/07/27 7:00:00","2021/09/28 2:00:00"
27715,"ヒーローコード：HP低下時強化",10277,100,-1,"2021/07/27 7:00:00","2021/09/28 2:00:00"
28401,"《犀薫る浜辺》アスナ",10284,150,-1,"2021/08/10 7:00:00","2021/09/07 2:00:00"
28402,"《波打ち際の彩》アリス",10284,150,-1,"2021/08/10 7:00:00","2021/09/07 2:00:00"
28403,"金木犀の剣",10284,30,-1,"2021/08/10 7:00:00","2021/09/07 2:00:00"
28404,"アロンダイト",10284,30,-1,"2021/08/10 7:00:00","2021/09/07 2:00:00"
28405,"ゴールド・ネックレス",10284,30,-1,"2021/08/10 7:00:00","2021/09/07 2:00:00"
28406,"ヒーローコード：ボスキラー",10284,100,-1,"2021/08/10 7:00:00","2021/09/07 2:00:00"
28407,"ヒーローコード：Mobキラー",10284,100,-1,"2021/08/10 7:00:00","2021/09/07 2:00:00"
28408,"ヒーローコード：HP最大時強化",10284,100,-1,"2021/08/10 7:00:00","2021/09/07 2:00:00"
28409,"ヒーローコード：HP低下時強化",10284,100,-1,"2021/08/10 7:00:00","2021/09/07 2:00:00"
28501,"《騎士の心得》シノン",10285,150,-1,"2021/09/07 7:00:00","2021/10/05 2:00:00"
28502,"《射撃手の心得》アリス",10285,150,-1,"2021/09/07 7:00:00","2021/10/05 2:00:00"
28503,"金木犀の剣",10285,30,-1,"2021/09/07 7:00:00","2021/10/05 2:00:00"
28504,"MEBRマニアック",10285,30,-1,"2021/09/07 7:00:00","2021/10/05 2:00:00"
28505,"ゴールド・ネックレス",10285,30,-1,"2021/09/07 7:00:00","2021/10/05 2:00:00"
28506,"ヒーローコード：ボスキラー",10285,100,-1,"2021/09/07 7:00:00","2021/10/05 2:00:00"
28507,"ヒーローコード：Mobキラー",10285,100,-1,"2021/09/07 7:00:00","2021/10/05 2:00:00"
28508,"ヒーローコード：HP最大時強化",10285,100,-1,"2021/09/07 7:00:00","2021/10/05 2:00:00"
28509,"ヒーローコード：HP低下時強化",10285,100,-1,"2021/09/07 7:00:00","2021/10/05 2:00:00"
28601,"《真夏の眩耀》アスナ",10286,150,-1,"2021/08/24 7:00:00","2021/09/28 2:00:00"
28602,"《魅惑の夏日》リーファ",10286,150,-1,"2021/08/24 7:00:00","2021/09/28 2:00:00"
28603,"《砂浜の女神》シノン",10286,150,-1,"2021/08/24 7:00:00","2021/09/28 2:00:00"
28604,"《透き通る青》アリス",10286,150,-1,"2021/08/24 7:00:00","2021/09/28 2:00:00"
28605,"《白砂の少女》シリカ",10286,150,-1,"2021/08/24 7:00:00","2021/09/28 2:00:00"
28606,"《目映い太陽》リズベット",10286,150,-1,"2021/08/24 7:00:00","2021/09/28 2:00:00"
28607,"アロンダイト",10286,30,-1,"2021/08/24 7:00:00","2021/09/28 2:00:00"
28608,"ヴァルトレーニス",10286,30,-1,"2021/08/24 7:00:00","2021/09/28 2:00:00"
28609,"MEBRマニアック",10286,30,-1,"2021/08/24 7:00:00","2021/09/28 2:00:00"
28610,"金木犀の剣",10286,30,-1,"2021/08/24 7:00:00","2021/09/28 2:00:00"
28611,"スクレープ",10286,30,-1,"2021/08/24 7:00:00","2021/09/28 2:00:00"
28612,"ジャイアント・タスク",10286,30,-1,"2021/08/24 7:00:00","2021/09/28 2:00:00"
28613,"ゴールド・ネックレス",10286,30,-1,"2021/08/24 7:00:00","2021/09/28 2:00:00"
28614,"ヒーローコード：ボスキラー",10286,100,-1,"2021/08/24 7:00:00","2021/09/28 2:00:00"
28615,"ヒーローコード：Mobキラー",10286,100,-1,"2021/08/24 7:00:00","2021/09/28 2:00:00"
28616,"ヒーローコード：HP最大時強化",10286,100,-1,"2021/08/24 7:00:00","2021/09/28 2:00:00"
28617,"ヒーローコード：HP低下時強化",10286,100,-1,"2021/08/24 7:00:00","2021/09/28 2:00:00"
29001,"《キャンディポップ》シリカ",10290,90,-1,"2021/08/03 7:00:00","2021/08/31 2:00:00"
29002,"《オーシャンケットシー》シノン",10290,15,-1,"2021/08/03 7:00:00","2021/08/31 2:00:00"
29003,"《サマーサンシャイン》アリス",10290,15,-1,"2021/08/03 7:00:00","2021/08/31 2:00:00"
29004,"《サマープリティ》ユイ",10290,15,-1,"2021/08/03 7:00:00","2021/08/31 2:00:00"
29101,"《夏夜の彩り》フィリア",10291,90,-1,"2021/08/24 7:00:00","2021/09/21 2:00:00"
29102,"《月下の憩い》アスナ",10291,15,-1,"2021/08/24 7:00:00","2021/09/21 2:00:00"
29103,"《納涼の弓姫》シノン",10291,15,-1,"2021/08/24 7:00:00","2021/09/21 2:00:00"
29104,"《ひと夏の思い出》ユウキ",10291,15,-1,"2021/08/24 7:00:00","2021/09/21 2:00:00"
29201,"《心舞の熱唱》セブン",10292,90,-1,"2021/09/14 7:00:00","2021/10/12 2:00:00"
29202,"《快勝の導き》シノン",10292,15,-1,"2021/09/14 7:00:00","2021/10/12 2:00:00"
29203,"《熱烈な鼓舞》リズベット",10292,15,-1,"2021/09/14 7:00:00","2021/10/12 2:00:00"
29204,"《飛躍の舞踊》レイン",10292,15,-1,"2021/09/14 7:00:00","2021/10/12 2:00:00"
29301,"《晴天の高揚》ユウキ",10293,90,-1,"2021/07/27 7:00:00","2021/08/24 2:00:00"
29302,"《熱砂の輝き》リズベット",10293,90,-1,"2021/07/27 7:00:00","2021/08/24 2:00:00"
29303,"《炎夏のひと時》ストレア",10293,90,-1,"2021/07/27 7:00:00","2021/08/24 2:00:00"
29304,"《盛夏の思い出》サチ",10293,90,-1,"2021/07/27 7:00:00","2021/08/24 2:00:00"
29305,"《華夜の巧者》シノン",10293,90,-1,"2021/07/27 7:00:00","2021/08/24 2:00:00"
29306,"《はじける笑顔》シリカ",10293,15,-1,"2021/07/27 7:00:00","2021/08/24 2:00:00"
29307,"《真夏の遊戯》キリト",10293,15,-1,"2021/07/27 7:00:00","2021/08/24 2:00:00"
29308,"《納涼の誘い》フィリア",10293,15,-1,"2021/07/27 7:00:00","2021/08/24 2:00:00"
29309,"《暑熱の高鳴り》ユイ",10293,15,-1,"2021/07/27 7:00:00","2021/08/24 2:00:00"
29310,"《一夏の華》アスナ",10293,15,-1,"2021/07/27 7:00:00","2021/08/24 2:00:00"
29311,"《華輝の妖精》リーファ",10293,15,-1,"2021/07/27 7:00:00","2021/08/24 2:00:00"
29312,"《真夏の憧憬》ユウキ",10293,15,-1,"2021/07/27 7:00:00","2021/08/24 2:00:00"
29313,"《熱暑の漢達》エギル＆クライン",10293,10,-1,"2021/07/27 7:00:00","2021/08/24 2:00:00"
29314,"《水辺の戯れ》セブン＆レイン",10293,10,-1,"2021/07/27 7:00:00","2021/08/24 2:00:00"
29401,"《賽の悦楽》リーファ",10294,150,-1,"2021/09/28 7:00:00","2021/11/09 2:00:00"
29402,"《廻る享楽》シノン",10294,150,-1,"2021/09/28 7:00:00","2021/11/09 2:00:00"
29403,"《兎の務め》アリス",10294,150,-1,"2021/09/28 7:00:00","2021/11/09 2:00:00"
29404,"《二色の歓楽》シリカ",10294,30,-1,"2021/09/28 7:00:00","2021/11/09 2:00:00"
29405,"ヴァルトレーニス",10294,30,-1,"2021/09/28 7:00:00","2021/11/09 2:00:00"
29406,"MEBRマニアック",10294,30,-1,"2021/09/28 7:00:00","2021/11/09 2:00:00"
29407,"金木犀の剣",10294,30,-1,"2021/09/28 7:00:00","2021/11/09 2:00:00"
29408,"ゴールド・ネックレス",10294,30,-1,"2021/09/28 7:00:00","2021/11/09 2:00:00"
29409,"ヒーローコード：ボスキラー",10294,100,-1,"2021/09/28 7:00:00","2021/11/09 2:00:00"
29410,"ヒーローコード：Mobキラー",10294,100,-1,"2021/09/28 7:00:00","2021/11/09 2:00:00"
29411,"ヒーローコード：HP最大時強化",10294,100,-1,"2021/09/28 7:00:00","2021/11/09 2:00:00"
29412,"ヒーローコード：HP低下時強化",10294,100,-1,"2021/09/28 7:00:00","2021/11/09 2:00:00"
29901,"《ぬくもりの黒制服》リズベット",10299,150,-1,"2021/11/02 7:00:00","2021/12/14 2:00:00"
29902,"《闇色の心頼》シリカ",10299,150,-1,"2021/11/02 7:00:00","2021/12/14 2:00:00"
29903,"《黒尽くめの密か》アルゴ",10299,150,-1,"2021/11/02 7:00:00","2021/12/14 2:00:00"
29904,"エリュシデータ",10299,30,-1,"2021/11/02 7:00:00","2021/12/14 2:00:00"
29905,"ダークリパルサー",10299,30,-1,"2021/11/02 7:00:00","2021/12/14 2:00:00"
29906,"ゴールド・ネックレス",10299,30,-1,"2021/11/02 7:00:00","2021/12/14 2:00:00"
29907,"ヒーローコード：ボスキラー",10299,100,-1,"2021/11/02 7:00:00","2021/12/14 2:00:00"
29908,"ヒーローコード：Mobキラー",10299,100,-1,"2021/11/02 7:00:00","2021/12/14 2:00:00"
29909,"ヒーローコード：HP最大時強化",10299,100,-1,"2021/11/02 7:00:00","2021/12/14 2:00:00"
29910,"ヒーローコード：HP低下時強化",10299,100,-1,"2021/11/02 7:00:00","2021/12/14 2:00:00"
30401,"《純白の誓い》キリト",10304,150,-1,"2021/11/16 7:00:00","2021/12/14 2:00:00"
30402,"《純黒の誓い》アスナ",10304,150,-1,"2021/11/16 7:00:00","2021/12/14 2:00:00"
30403,"エリュシデータ",10304,30,-1,"2021/11/16 7:00:00","2021/12/14 2:00:00"
30404,"アロンダイト",10304,30,-1,"2021/11/16 7:00:00","2021/12/14 2:00:00"
30405,"ゴールド・ネックレス",10304,30,-1,"2021/11/16 7:00:00","2021/12/14 2:00:00"
30406,"ヒーローコード：ボスキラー",10304,100,-1,"2021/11/16 7:00:00","2021/12/14 2:00:00"
30407,"ヒーローコード：Mobキラー",10304,100,-1,"2021/11/16 7:00:00","2021/12/14 2:00:00"
30408,"ヒーローコード：HP最大時強化",10304,100,-1,"2021/11/16 7:00:00","2021/12/14 2:00:00"
30409,"ヒーローコード：HP低下時強化",10304,100,-1,"2021/11/16 7:00:00","2021/12/14 2:00:00"
30501,"《赦しの一振り》キリト",10305,150,-1,"2021/10/05 7:00:00","2021/11/02 2:00:00"
30502,"《正しき一突き》アスナ",10305,150,-1,"2021/10/05 7:00:00","2021/11/02 2:00:00"
30503,"ダークリパルサー",10305,30,-1,"2021/10/05 7:00:00","2021/11/02 2:00:00"
30504,"ランベントライト",10305,30,-1,"2021/10/05 7:00:00","2021/11/02 2:00:00"
30505,"ゴールド・ネックレス",10305,30,-1,"2021/10/05 7:00:00","2021/11/02 2:00:00"
30506,"ヒーローコード：ボスキラー",10305,100,-1,"2021/10/05 7:00:00","2021/11/02 2:00:00"
30507,"ヒーローコード：Mobキラー",10305,100,-1,"2021/10/05 7:00:00","2021/11/02 2:00:00"
30508,"ヒーローコード：HP最大時強化",10305,100,-1,"2021/10/05 7:00:00","2021/11/02 2:00:00"
30509,"ヒーローコード：HP低下時強化",10305,100,-1,"2021/10/05 7:00:00","2021/11/02 2:00:00"
30601,"《スウィートウィッチ》ユイ",10306,90,-1,"2021/09/28 7:00:00","2021/10/26 2:00:00"
30602,"《クレバーソーサレス》シノン",10306,15,-1,"2021/09/28 7:00:00","2021/10/26 2:00:00"
30603,"《マジカルスミス》リズベット",10306,15,-1,"2021/09/28 7:00:00","2021/10/26 2:00:00"
30604,"《キャットモンスター》シリカ",10306,15,-1,"2021/09/28 7:00:00","2021/10/26 2:00:00"
30605,"《ドリーミィ・バニー》アスナ",10306,90,-1,"2021/09/28 7:00:00","2021/10/26 2:00:00"
30606,"《ファイン・サービング》直葉",10306,15,-1,"2021/09/28 7:00:00","2021/10/26 2:00:00"
30607,"《ベット・タイム！》ユウキ",10306,15,-1,"2021/09/28 7:00:00","2021/10/26 2:00:00"
30608,"《ベスト・サービス》ストレア",10306,15,-1,"2021/09/28 7:00:00","2021/10/26 2:00:00"
30701,"《ジェット・ヴォルフ》キリト",10307,90,-1,"2021/10/05 7:00:00","2021/11/02 2:00:00"
30702,"《弓猫の魔法》シノン",10307,15,-1,"2021/10/05 7:00:00","2021/11/02 2:00:00"
30703,"《トリックキャット》ユウキ",10307,15,-1,"2021/10/05 7:00:00","2021/11/02 2:00:00"
30704,"《キャットマジック》フィリア",10307,15,-1,"2021/10/05 7:00:00","2021/11/02 2:00:00"
30801,"《黒煌の剣影》リーファ",10308,90,-1,"2021/10/26 7:00:00","2021/11/23 2:00:00"
30802,"《漆黒の桃華》リズベット",10308,15,-1,"2021/10/26 7:00:00","2021/11/23 2:00:00"
30803,"《ゴシックビウィッチ》ストレア",10308,15,-1,"2021/10/26 7:00:00","2021/11/23 2:00:00"
30804,"《可憐な小華》ユイ",10308,15,-1,"2021/10/26 7:00:00","2021/11/23 2:00:00"
30901,"《聖夜の純愛》アスナ",10309,90,-1,"2021/12/07 7:00:00","2022/01/04 2:00:00"
30902,"《彩氷の福音》シノン",10309,15,-1,"2021/12/07 7:00:00","2022/01/04 2:00:00"
30903,"《冬宴の楽しみ》ユウキ",10309,15,-1,"2021/12/07 7:00:00","2022/01/04 2:00:00"
30904,"《魅惑の甘味》フィリア",10309,15,-1,"2021/12/07 7:00:00","2022/01/04 2:00:00"
31001,"《生彩放つ飛躍》アスナ",10310,150,-1,"2021/10/30 7:00:00","2021/12/21 2:00:00"
31002,"《純真な想望》ユウキ",10310,150,-1,"2021/10/30 7:00:00","2021/12/21 2:00:00"
31003,"《親愛なる漆黒》リーファ",10310,150,-1,"2021/10/30 7:00:00","2021/12/21 2:00:00"
31004,"《黒衣の聖騎士》アリス",10310,150,-1,"2021/10/30 7:00:00","2021/12/21 2:00:00"
31005,"《ハツコイ同盟》リズベット",10310,150,-1,"2021/10/30 7:00:00","2021/12/21 2:00:00"
31006,"《トキメキ同盟》シリカ",10310,150,-1,"2021/10/30 7:00:00","2021/12/21 2:00:00"
31007,"《英雄纏う剣才》ユウキ",10310,150,-1,"2021/10/30 7:00:00","2021/12/21 2:00:00"
31008,"《忘却の憧憬》ユージオ",10310,150,-1,"2021/10/30 7:00:00","2021/12/21 2:00:00"
31009,"《荒野の閃光》アスナ",10310,150,-1,"2021/10/30 7:00:00","2021/12/21 2:00:00"
31010,"《血盟の狙撃手》シノン",10310,150,-1,"2021/10/30 7:00:00","2021/12/21 2:00:00"
31011,"《笑顔守るために》キリト",10310,150,-1,"2021/10/30 7:00:00","2021/12/21 2:00:00"
31012,"《電脳の歌姫》シリカ",10310,150,-1,"2021/10/30 7:00:00","2021/12/21 2:00:00"
31013,"《永久の約束》キリト＆アスナ＆ユイ",10310,90,-1,"2021/10/30 7:00:00","2021/12/21 2:00:00"
31014,"《優艶な幼な妻》アスナ",10310,15,-1,"2021/10/30 7:00:00","2021/12/21 2:00:00"
31015,"《光彩の加護》ユイ",10310,15,-1,"2021/10/30 7:00:00","2021/12/21 2:00:00"
31016,"《絆の双刃》キリト＆アスナ",10310,15,-1,"2021/10/30 7:00:00","2021/12/21 2:00:00"
31017,"《心照らす歌声》ユナ",10310,90,-1,"2021/10/30 7:00:00","2021/12/21 2:00:00"
31018,"《心奮う戦い》エイジ",10310,90,-1,"2021/10/30 7:00:00","2021/12/21 2:00:00"
31201,"《聖しあの夜》シリカ",10312,150,-1,"2021/12/14 7:00:00","2022/01/25 2:00:00"
31202,"《慶びの枕元》アルゴ",10312,150,-1,"2021/12/14 7:00:00","2022/01/25 2:00:00"
31203,"《届ける聖歌》レイン",10312,150,-1,"2021/12/14 7:00:00","2022/01/25 2:00:00"
31204,"スノウマン・ステッキ",10312,30,-1,"2021/12/14 7:00:00","2022/01/25 2:00:00"
31205,"ジングル・ヘッド",10312,30,-1,"2021/12/14 7:00:00","2022/01/25 2:00:00"
31206,"エターナル・ツリー",10312,30,-1,"2021/12/14 7:00:00","2022/01/25 2:00:00"
31207,"マジカル・リース",10312,30,-1,"2021/12/14 7:00:00","2022/01/25 2:00:00"
31208,"ゴールド・ネックレス",10312,30,-1,"2021/12/14 7:00:00","2022/01/25 2:00:00"
31209,"《食いしん坊トナカイ》シリカ",10312,90,-1,"2021/12/14 7:00:00","2022/01/25 2:00:00"
31210,"《聖夜の歌声》サチ",10312,90,-1,"2021/12/14 7:00:00","2022/01/25 2:00:00"
31211,"《魅惑の綺羅星》リーファ",10312,15,-1,"2021/12/14 7:00:00","2022/01/25 2:00:00"
31212,"《雪明りの贈り物》シノン",10312,15,-1,"2021/12/14 7:00:00","2022/01/25 2:00:00"
31213,"《雪旅の宝物》フィリア",10312,10,-1,"2021/12/14 7:00:00","2022/01/25 2:00:00"
31214,"ヒーローコード：ボスキラー",10312,100,-1,"2021/12/14 7:00:00","2022/01/25 2:00:00"
31215,"ヒーローコード：Mobキラー",10312,100,-1,"2021/12/14 7:00:00","2022/01/25 2:00:00"
31216,"ヒーローコード：HP最大時強化",10312,100,-1,"2021/12/14 7:00:00","2022/01/25 2:00:00"
31217,"ヒーローコード：HP低下時強化",10312,100,-1,"2021/12/14 7:00:00","2022/01/25 2:00:00"
31701,"《ハッピークリスマス》アスナ",10317,150,-1,"2021/12/14 7:00:00","2022/01/08 2:00:00"
31702,"《ホーリーデコレイト》リズベット",10317,150,-1,"2021/12/14 7:00:00","2022/01/08 2:00:00"
31703,"《ギフト・トゥギャザー！》ユウキ",10317,150,-1,"2021/12/14 7:00:00","2022/01/08 2:00:00"
31704,"《ジョイフルキャロル》リーファ",10317,150,-1,"2021/12/14 7:00:00","2022/01/08 2:00:00"
31705,"《ホワイトジングル》シノン",10317,150,-1,"2021/12/14 7:00:00","2022/01/08 2:00:00"
31706,"《スノープレゼント》アリス",10317,150,-1,"2021/12/14 7:00:00","2022/01/08 2:00:00"
31707,"スノウマン・ステッキ",10317,30,-1,"2021/12/14 7:00:00","2022/01/08 2:00:00"
31708,"ジングル・ヘッド",10317,30,-1,"2021/12/14 7:00:00","2022/01/08 2:00:00"
31709,"エターナル・ツリー",10317,30,-1,"2021/12/14 7:00:00","2022/01/08 2:00:00"
31710,"マジカル・リース",10317,30,-1,"2021/12/14 7:00:00","2022/01/08 2:00:00"
31711,"ゴールド・ネックレス",10317,30,-1,"2021/12/14 7:00:00","2022/01/08 2:00:00"
31712,"《食いしん坊トナカイ》シリカ",10317,90,-1,"2021/12/14 7:00:00","2022/01/08 2:00:00"
31713,"《聖夜の歌声》サチ",10317,90,-1,"2021/12/14 7:00:00","2022/01/08 2:00:00"
31714,"《魅惑の綺羅星》リーファ",10317,15,-1,"2021/12/14 7:00:00","2022/01/08 2:00:00"
31715,"《雪明りの贈り物》シノン",10317,15,-1,"2021/12/14 7:00:00","2022/01/08 2:00:00"
31716,"《雪旅の宝物》フィリア",10317,10,-1,"2021/12/14 7:00:00","2022/01/08 2:00:00"
31717,"ヒーローコード：ボスキラー",10317,100,-1,"2021/12/14 7:00:00","2022/01/08 2:00:00"
31718,"ヒーローコード：Mobキラー",10317,100,-1,"2021/12/14 7:00:00","2022/01/08 2:00:00"
31719,"ヒーローコード：HP最大時強化",10317,100,-1,"2021/12/14 7:00:00","2022/01/08 2:00:00"
31720,"ヒーローコード：HP低下時強化",10317,100,-1,"2021/12/14 7:00:00","2022/01/08 2:00:00"
31901,"《鏡花水月》ユウキ",10319,90,-1,"2021/12/28 7:00:00","2022/01/25 2:00:00"
31902,"《萬福衝打》キリト",10319,15,-1,"2021/12/28 7:00:00","2022/01/25 2:00:00"
31903,"《錦上添花》直葉",10319,15,-1,"2021/12/28 7:00:00","2022/01/25 2:00:00"
31904,"《雲中白鶴》シノン",10319,15,-1,"2021/12/28 7:00:00","2022/01/25 2:00:00"
32001,"《飛翔の新天地》キリト",10320,150,-1,"2022/01/01 7:00:00","2022/02/01 2:00:00"
32002,"《風舞う妖精》リーファ",10320,150,-1,"2022/01/01 7:00:00","2022/02/01 2:00:00"
32003,"アメノハバキリ",10320,30,-1,"2022/01/01 7:00:00","2022/02/01 2:00:00"
32004,"ゴールド・ネックレス",10320,30,-1,"2022/01/01 7:00:00","2022/02/01 2:00:00"
32005,"ヒーローコード：ボスキラー",10320,100,-1,"2022/01/01 7:00:00","2022/02/01 2:00:00"
32006,"ヒーローコード：Mobキラー",10320,100,-1,"2022/01/01 7:00:00","2022/02/01 2:00:00"
32007,"ヒーローコード：HP最大時強化",10320,100,-1,"2022/01/01 7:00:00","2022/02/01 2:00:00"
32008,"ヒーローコード：HP低下時強化",10320,100,-1,"2022/01/01 7:00:00","2022/02/01 2:00:00"
32101,"《真夏の眩耀》アスナ",10321,150,-1,"2022/01/01 7:00:00","2022/02/22 2:00:00"
32102,"《魅惑の夏日》リーファ",10321,150,-1,"2022/01/01 7:00:00","2022/02/22 2:00:00"
32103,"《砂浜の女神》シノン",10321,150,-1,"2022/01/01 7:00:00","2022/02/22 2:00:00"
32104,"《目映い太陽》リズベット",10321,150,-1,"2022/01/01 7:00:00","2022/02/22 2:00:00"
32105,"《白砂の少女》シリカ",10321,150,-1,"2022/01/01 7:00:00","2022/02/22 2:00:00"
32106,"《透き通る青》アリス",10321,150,-1,"2022/01/01 7:00:00","2022/02/22 2:00:00"
32107,"《微睡の砂浜》リーファ",10321,150,-1,"2022/01/01 7:00:00","2022/02/22 2:00:00"
32108,"《海辺の休息》リズベット",10321,150,-1,"2022/01/01 7:00:00","2022/02/22 2:00:00"
32109,"《夏の陽の夢》ユウキ",10321,150,-1,"2022/01/01 7:00:00","2022/02/22 2:00:00"
32110,"《波際の司令塔》アルゴ",10321,150,-1,"2022/01/01 7:00:00","2022/02/22 2:00:00"
32111,"《心躍る岸辺》レイン",10321,150,-1,"2022/01/01 7:00:00","2022/02/22 2:00:00"
32112,"《犀薫る浜辺》アスナ",10321,150,-1,"2022/01/01 7:00:00","2022/02/22 2:00:00"
32113,"《波打ち際の彩》アリス",10321,150,-1,"2022/01/01 7:00:00","2022/02/22 2:00:00"
32114,"《SAOゲーム攻略会議2019》キリト",10321,150,-1,"2022/01/01 7:00:00","2022/02/22 2:00:00"
32115,"《不屈の誓い》キリト",10321,150,-1,"2022/01/01 7:00:00","2022/02/22 2:00:00"
32116,"《明日への誓い》アスナ",10321,150,-1,"2022/01/01 7:00:00","2022/02/22 2:00:00"
32117,"《兄想う妖精》リーファ",10321,150,-1,"2022/01/01 7:00:00","2022/02/22 2:00:00"
32118,"《向き合う勇気》シノン",10321,150,-1,"2022/01/01 7:00:00","2022/02/22 2:00:00"
32119,"《黒衣の英雄》キリト",10321,150,-1,"2022/01/01 7:00:00","2022/02/22 2:00:00"
32120,"《英雄の剣匠》リズベット",10321,150,-1,"2022/01/01 7:00:00","2022/02/22 2:00:00"
32121,"《フェアリー・ワルツ》アスナ",10321,150,-1,"2022/01/01 7:00:00","2022/02/22 2:00:00"
32122,"《フェアリー・マージ》リーファ",10321,150,-1,"2022/01/01 7:00:00","2022/02/22 2:00:00"
32123,"《紅葉の祝福》ユウキ",10321,150,-1,"2022/01/01 7:00:00","2022/02/22 2:00:00"
32127,"《休息の爪先》アルゴ",10321,150,-1,"2022/01/01 7:00:00","2022/02/22 2:00:00"
32128,"《背氷の気迫》ユージオ",10321,150,-1,"2022/01/01 7:00:00","2022/02/22 2:00:00"
32129,"《可憐な銃剣士》キリト",10321,150,-1,"2022/01/01 7:00:00","2022/02/22 2:00:00"
32130,"《美麗な狙撃手》シノン",10321,150,-1,"2022/01/01 7:00:00","2022/02/22 2:00:00"
32131,"《頭領の音頭》クライン",10321,150,-1,"2022/01/01 7:00:00","2022/02/22 2:00:00"
32132,"《乙女の髪留め》リーファ",10321,150,-1,"2022/01/01 7:00:00","2022/02/22 2:00:00"
32133,"《月宙の飛躍》アルゴ",10321,150,-1,"2022/01/01 7:00:00","2022/02/22 2:00:00"
32134,"《遠望の彼方》ユウキ",10321,150,-1,"2022/01/01 7:00:00","2022/02/22 2:00:00"
32135,"《女神の羽休め》シノン",10321,150,-1,"2022/01/01 7:00:00","2022/02/22 2:00:00"
32136,"《プレゼント大作戦！》アスナ",10321,150,-1,"2022/01/01 7:00:00","2022/02/22 2:00:00"
32137,"《潮風の悪戯》アスナ",10321,150,-1,"2022/01/01 7:00:00","2022/02/22 2:00:00"
32138,"《おやつ・タイム！》シリカ",10321,150,-1,"2022/01/01 7:00:00","2022/02/22 2:00:00"
32139,"《妖精の戯れ》リーファ",10321,150,-1,"2022/01/01 7:00:00","2022/02/22 2:00:00"
32140,"《穏やかな一時》アスナ",10321,150,-1,"2022/01/01 7:00:00","2022/02/22 2:00:00"
32141,"《さかさま花世界》ユウキ",10321,150,-1,"2022/01/01 7:00:00","2022/02/22 2:00:00"
32142,"《休日の談笑》リズベット",10321,150,-1,"2022/01/01 7:00:00","2022/02/22 2:00:00"
32143,"《晴天の君》レイン",10321,150,-1,"2022/01/01 7:00:00","2022/02/22 2:00:00"
32144,"《安らぎの我が家》キリト",10321,150,-1,"2022/01/01 7:00:00","2022/02/22 2:00:00"
32145,"《幸せの青い鳥》シノン",10321,150,-1,"2022/01/01 7:00:00","2022/02/22 2:00:00"
32146,"《秘密の甘邸》アルゴ",10321,150,-1,"2022/01/01 7:00:00","2022/02/22 2:00:00"
32147,"《一輪の幼花》シリカ",10321,150,-1,"2022/01/01 7:00:00","2022/02/22 2:00:00"
32148,"《揺蕩う夢幻》ユウキ",10321,150,-1,"2022/01/01 7:00:00","2022/02/22 2:00:00"
32149,"《熟達の志士》アリス",10321,150,-1,"2022/01/01 7:00:00","2022/02/22 2:00:00"
32150,"《かろやかスキップ》レイン",10321,150,-1,"2022/01/01 7:00:00","2022/02/22 2:00:00"
32151,"《予期せぬ接触》シノン",10321,150,-1,"2022/01/01 7:00:00","2022/02/22 2:00:00"
32152,"《ちゃーみー・けっとしー》シリカ",10321,150,-1,"2022/01/01 7:00:00","2022/02/22 2:00:00"
32153,"《麗姿の眼差し》アスナ",10321,150,-1,"2022/01/01 7:00:00","2022/02/22 2:00:00"
32154,"《慈愛の光彩》アスナ",10321,30,-1,"2022/01/01 7:00:00","2022/02/22 2:00:00"
32155,"《快活なお誘い》リズベット",10321,30,-1,"2022/01/01 7:00:00","2022/02/22 2:00:00"
32156,"《至福のひと時》シリカ",10321,30,-1,"2022/01/01 7:00:00","2022/02/22 2:00:00"
32301,"《火照り身少女》シリカ",10323,90,-1,"2022/01/18 7:00:00","2022/02/15 2:00:00"
32302,"《ほっと一息》リズベット",10323,15,-1,"2022/01/18 7:00:00","2022/02/15 2:00:00"
32303,"《湯船の遊影》ユウキ",10323,15,-1,"2022/01/18 7:00:00","2022/02/15 2:00:00"
32304,"《保養の湯掛》セブン",10323,15,-1,"2022/01/18 7:00:00","2022/02/15 2:00:00"
32401,"《相愛は甘やかに》アスナ",10324,150,-1,"2022/01/25 7:00:00","2022/03/08 2:00:00"
32402,"《親愛はとろけて》シノン",10324,150,-1,"2022/01/25 7:00:00","2022/03/08 2:00:00"
32403,"《愛慕は未だ青く》アリス",10324,150,-1,"2022/01/25 7:00:00","2022/03/08 2:00:00"
32404,"アロンダイト",10324,30,-1,"2022/01/25 7:00:00","2022/03/08 2:00:00"
32405,"金木犀の剣",10324,30,-1,"2022/01/25 7:00:00","2022/03/08 2:00:00"
32406,"MEBRマニアック",10324,30,-1,"2022/01/25 7:00:00","2022/03/08 2:00:00"
32407,"ゴールド・ネックレス",10324,30,-1,"2022/01/25 7:00:00","2022/03/08 2:00:00"
32408,"ヒーローコード：ボスキラー",10324,100,-1,"2022/01/25 7:00:00","2022/03/08 2:00:00"
32409,"ヒーローコード：Mobキラー",10324,100,-1,"2022/01/25 7:00:00","2022/03/08 2:00:00"
32410,"ヒーローコード：HP最大時強化",10324,100,-1,"2022/01/25 7:00:00","2022/03/08 2:00:00"
32411,"ヒーローコード：HP低下時強化",10324,100,-1,"2022/01/25 7:00:00","2022/03/08 2:00:00"
32901,"《気儘な黒猫》キリト",10329,150,-1,"2022/02/01 7:00:00","2022/03/08 2:00:00"
32902,"《ねころび愛猫》アスナ",10329,150,-1,"2022/02/01 7:00:00","2022/03/08 2:00:00"
32903,"《奔放な萌猫》リーファ",10329,150,-1,"2022/02/01 7:00:00","2022/03/08 2:00:00"
32904,"《またたび仔猫》ユウキ",10329,150,-1,"2022/02/01 7:00:00","2022/03/08 2:00:00"
32905,"《慧眼の弓猫》シノン",10329,30,-1,"2022/02/01 7:00:00","2022/03/08 2:00:00"
32906,"《友情の桃猫》リズベット",10329,30,-1,"2022/02/01 7:00:00","2022/03/08 2:00:00"
32907,"《可憐な幼猫》シリカ",10329,30,-1,"2022/02/01 7:00:00","2022/03/08 2:00:00"
32908,"《猫耳の豪商》エギル",10329,30,-1,"2022/02/01 7:00:00","2022/03/08 2:00:00"
32909,"キティ・パウ",10329,30,-1,"2022/02/01 7:00:00","2022/03/08 2:00:00"
32910,"ゴールド・ネックレス",10329,30,-1,"2022/02/01 7:00:00","2022/03/08 2:00:00"
32911,"ヒーローコード：ボスキラー",10329,100,-1,"2022/02/01 7:00:00","2022/03/08 2:00:00"
32912,"ヒーローコード：Mobキラー",10329,100,-1,"2022/02/01 7:00:00","2022/03/08 2:00:00"
32913,"ヒーローコード：HP最大時強化",10329,100,-1,"2022/02/01 7:00:00","2022/03/08 2:00:00"
32914,"ヒーローコード：HP低下時強化",10329,100,-1,"2022/02/01 7:00:00","2022/03/08 2:00:00"
33101,"《狙い撃つ軌道》ユウキ",10331,150,-1,"2022/02/15 7:00:00","2022/03/15 2:00:00"
33102,"《魔剣稽古》ユージオ",10331,150,-1,"2022/02/15 7:00:00","2022/03/15 2:00:00"
33103,"AMRティアマト",10331,30,-1,"2022/02/15 7:00:00","2022/03/15 2:00:00"
33104,"マサムネG4",10331,30,-1,"2022/02/15 7:00:00","2022/03/15 2:00:00"
33105,"ゴールド・ネックレス",10331,30,-1,"2022/02/15 7:00:00","2022/03/15 2:00:00"
33106,"ヒーローコード：ボスキラー",10331,100,-1,"2022/02/15 7:00:00","2022/03/15 2:00:00"
33107,"ヒーローコード：Mobキラー",10331,100,-1,"2022/02/15 7:00:00","2022/03/15 2:00:00"
33108,"ヒーローコード：HP最大時強化",10331,100,-1,"2022/02/15 7:00:00","2022/03/15 2:00:00"
33109,"ヒーローコード：HP低下時強化",10331,100,-1,"2022/02/15 7:00:00","2022/03/15 2:00:00"
33201,"《一途なラブハート》リーファ",10332,90,-1,"2022/02/08 7:00:00","2022/03/08 2:00:00"
33202,"《愛のメッセージ》アスナ",10332,15,-1,"2022/02/08 7:00:00","2022/03/08 2:00:00"
33203,"《愛情の弾丸》シノン",10332,15,-1,"2022/02/08 7:00:00","2022/03/08 2:00:00"
33204,"《甘い恋心》フィリア",10332,15,-1,"2022/02/08 7:00:00","2022/03/08 2:00:00"
33301,"《恋情パティシエ》リーファ",10333,90,-1,"2022/03/01 7:00:00","2022/03/29 2:00:00"
33302,"《最愛パティシエ》アスナ",10333,15,-1,"2022/03/01 7:00:00","2022/03/29 2:00:00"
33303,"《純情ショコラ》シノン",10333,15,-1,"2022/03/01 7:00:00","2022/03/29 2:00:00"
33304,"《恋慕ショコラ》シリカ",10333,15,-1,"2022/03/01 7:00:00","2022/03/29 2:00:00"
33305,"《恒久の愛情》ユージオ",10333,90,-1,"2022/03/01 7:00:00","2022/03/29 2:00:00"
33306,"《赤誠の求愛》キリト",10333,15,-1,"2022/03/01 7:00:00","2022/03/29 2:00:00"
33307,"《狂愛の誓い》クラディール",10333,15,-1,"2022/03/01 7:00:00","2022/03/29 2:00:00"
33401,"《厳格手ほどき》シノン",10334,150,-1,"2022/03/08 7:00:00","2022/04/26 2:00:00"
33402,"《ほどけぬ胸飾り》リズベット",10334,150,-1,"2022/03/08 7:00:00","2022/04/26 2:00:00"
33403,"《夢想の放課後》シリカ",10334,150,-1,"2022/03/08 7:00:00","2022/04/26 2:00:00"
33404,"フェイルノート",10334,30,-1,"2022/03/08 7:00:00","2022/04/26 2:00:00"
33405,"ジャイアント・タスク",10334,30,-1,"2022/03/08 7:00:00","2022/04/26 2:00:00"
33406,"スクレープ",10334,30,-1,"2022/03/08 7:00:00","2022/04/26 2:00:00"
33407,"ゴールド・ネックレス",10334,30,-1,"2022/03/08 7:00:00","2022/04/26 2:00:00"
33408,"ヒーローコード：ボスキラー",10334,100,-1,"2022/03/08 7:00:00","2022/04/26 2:00:00"
33409,"ヒーローコード：Mobキラー",10334,100,-1,"2022/03/08 7:00:00","2022/04/26 2:00:00"
33410,"ヒーローコード：HP最大時強化",10334,100,-1,"2022/03/08 7:00:00","2022/04/26 2:00:00"
33411,"ヒーローコード：HP低下時強化",10334,100,-1,"2022/03/08 7:00:00","2022/04/26 2:00:00"
33901,"《熊の招宴》アスナ",10339,150,-1,"2022/03/29 7:00:00","2022/04/26 2:00:00"
33902,"《兎の密会》アリス",10339,150,-1,"2022/03/29 7:00:00","2022/04/26 2:00:00"
33903,"キティ・パウ",10339,30,-1,"2022/03/29 7:00:00","2022/04/26 2:00:00"
33904,"ゴールド・ネックレス",10339,30,-1,"2022/03/29 7:00:00","2022/04/26 2:00:00"
33905,"ヒーローコード：ボスキラー",10339,100,-1,"2022/03/29 7:00:00","2022/04/26 2:00:00"
33906,"ヒーローコード：Mobキラー",10339,100,-1,"2022/03/29 7:00:00","2022/04/26 2:00:00"
33907,"ヒーローコード：HP最大時強化",10339,100,-1,"2022/03/29 7:00:00","2022/04/26 2:00:00"
33908,"ヒーローコード：HP低下時強化",10339,100,-1,"2022/03/29 7:00:00","2022/04/26 2:00:00"
34101,"《うららかジャンプ》アスナ",10341,150,-1,"2022/03/08 7:00:00","2022/05/03 2:00:00"
34102,"《はるかぜジャンプ》ユウキ",10341,150,-1,"2022/03/08 7:00:00","2022/05/03 2:00:00"
34103,"《ゆきどけジャンプ》アリス",10341,150,-1,"2022/03/08 7:00:00","2022/05/03 2:00:00"
34104,"《ふたとせ求めて》キリト",10341,150,-1,"2022/03/08 7:00:00","2022/05/03 2:00:00"
34105,"《ふたとせ歩みて》アスナ",10341,150,-1,"2022/03/08 7:00:00","2022/05/03 2:00:00"
34106,"《麗凛な獣猫》シノン",10341,150,-1,"2022/03/08 7:00:00","2022/05/03 2:00:00"
34107,"《毛繕い桃猫》リズベット",10341,150,-1,"2022/03/08 7:00:00","2022/05/03 2:00:00"
34108,"《まったり愛猫》シリカ",10341,150,-1,"2022/03/08 7:00:00","2022/05/03 2:00:00"
34109,"《隆隆狩猫》エギル",10341,150,-1,"2022/03/08 7:00:00","2022/05/03 2:00:00"
34110,"《とびつき活猫》ユウキ",10341,150,-1,"2022/03/08 7:00:00","2022/05/03 2:00:00"
34111,"《湯浴みの紅潮》シノン",10341,150,-1,"2022/03/08 7:00:00","2022/05/03 2:00:00"
34112,"《秘湯の恥じらい》シリカ",10341,150,-1,"2022/03/08 7:00:00","2022/05/03 2:00:00"
34113,"《火照る温浴》アリス",10341,150,-1,"2022/03/08 7:00:00","2022/05/03 2:00:00"
34114,"《湯の華咲いた》アスナ",10341,150,-1,"2022/03/08 7:00:00","2022/05/03 2:00:00"
34115,"《豊潤な湯浴み》リーファ",10341,150,-1,"2022/03/08 7:00:00","2022/05/03 2:00:00"
34116,"《温浴の寛ぎ》ユウキ",10341,150,-1,"2022/03/08 7:00:00","2022/05/03 2:00:00"
34117,"《秘境の癒湯》アルゴ",10341,150,-1,"2022/03/08 7:00:00","2022/05/03 2:00:00"
34118,"《湯上り素顔》レイン",10341,150,-1,"2022/03/08 7:00:00","2022/05/03 2:00:00"
34119,"《倒れぬ意志》リーファ",10341,150,-1,"2022/03/08 7:00:00","2022/05/03 2:00:00"
34120,"《見据える勝利》シノン",10341,150,-1,"2022/03/08 7:00:00","2022/05/03 2:00:00"
34121,"《羽ばたく希望》アスナ",10341,150,-1,"2022/03/08 7:00:00","2022/05/03 2:00:00"
34122,"《輝く勇気》ユウキ",10341,150,-1,"2022/03/08 7:00:00","2022/05/03 2:00:00"
34123,"《世界を包む星空》キリト",10341,150,-1,"2022/03/08 7:00:00","2022/05/03 2:00:00"
34124,"《世界を導く光》アリス",10341,150,-1,"2022/03/08 7:00:00","2022/05/03 2:00:00"
34125,"《世界を見守る剣》ユージオ",10341,150,-1,"2022/03/08 7:00:00","2022/05/03 2:00:00"
34126,"夜空の剣",10341,30,-1,"2022/03/08 7:00:00","2022/05/03 2:00:00"
34127,"金木犀の剣",10341,30,-1,"2022/03/08 7:00:00","2022/05/03 2:00:00"
34128,"青薔薇の剣",10341,30,-1,"2022/03/08 7:00:00","2022/05/03 2:00:00"
34129,"ヴァーデュラス・アニマ",10341,30,-1,"2022/03/08 7:00:00","2022/05/03 2:00:00"
34130,"オブシディアナ",10341,30,-1,"2022/03/08 7:00:00","2022/05/03 2:00:00"
34131,"ソード・オブ・ホグニ",10341,30,-1,"2022/03/08 7:00:00","2022/05/03 2:00:00"
34132,"ラディアント・ライト",10341,30,-1,"2022/03/08 7:00:00","2022/05/03 2:00:00"
34133,"ジャルディーノ",10341,30,-1,"2022/03/08 7:00:00","2022/05/03 2:00:00"
34134,"キティ・パウ",10341,30,-1,"2022/03/08 7:00:00","2022/05/03 2:00:00"
34135,"アニヒレート・レイ",10341,30,-1,"2022/03/08 7:00:00","2022/05/03 2:00:00"
34136,"AMRティアマト",10341,30,-1,"2022/03/08 7:00:00","2022/05/03 2:00:00"
34201,"《零れる活力》リーファ",10342,50,-1,"2022/04/26 7:00:00","2022/06/07 2:00:00"
34202,"《瞬きの宙》ユウキ",10342,50,-1,"2022/04/26 7:00:00","2022/06/07 2:00:00"
34203,"《就床の一揖》レイン",10342,50,-1,"2022/04/26 7:00:00","2022/06/07 2:00:00"
34204,"《不屈の鍛冶屋魂》リズベット",10342,50,-1,"2022/04/26 7:00:00","2022/06/07 2:00:00"
34205,"《絆が生む力》シリカ",10342,50,-1,"2022/04/26 7:00:00","2022/06/07 2:00:00"
34206,"《養う英気》リーファ",10342,50,-1,"2022/04/26 7:00:00","2022/06/07 2:00:00"
34207,"《秘めたる日誌》アルゴ",10342,50,-1,"2022/04/26 7:00:00","2022/06/07 2:00:00"
34208,"《即席軽音楽団》レイン",10342,50,-1,"2022/04/26 7:00:00","2022/06/07 2:00:00"
34209,"《頬張り黒猫》キリト",10342,50,-1,"2022/04/26 7:00:00","2022/06/07 2:00:00"
34210,"《身支度愛猫》アスナ",10342,50,-1,"2022/04/26 7:00:00","2022/06/07 2:00:00"
