GashaMedalShopItemId,GashaMedalShopId,CommonRewardType,CommonRewardId,CommonRewardNum,Strength,Property1PropertyId,Property1Value1,Property1Value2,Property2PropertyId,Property2Value1,Property2Value2,Property3PropertyId,Property3Value1,Property3Value2,Property4PropertyId,Property4Value1,Property4Value2
15701,15701,1,101000220,1,0,1,0,0,1,0,0,2,0,0,2,0,0
15702,15702,1,102000230,1,0,1,0,0,1,0,0,2,0,0,2,0,0
15703,15703,2,101000009,1,0,204000,5,0,1,0,0,2,0,0,2,0,0
15801,15801,8,212000030,1,0,1,0,0,1,0,0,1,0,0,1,0,0
15802,15802,8,201000060,1,0,1,0,0,1,0,0,1,0,0,1,0,0
15803,15803,8,297000090,1,0,1,0,0,1,0,0,1,0,0,1,0,0
15901,15901,1,118000070,1,0,1,0,0,1,0,0,2,0,0,2,0,0
15902,15902,1,118000050,1,0,1,0,0,1,0,0,2,0,0,2,0,0
15903,15903,1,118000060,1,0,1,0,0,1,0,0,2,0,0,2,0,0
15904,15904,2,101000016,1,0,1,0,0,1,0,0,2,0,0,2,0,0
16301,16301,8,209000090,1,0,1,0,0,1,0,0,1,0,0,1,0,0
16302,16302,8,202000110,1,0,1,0,0,1,0,0,1,0,0,1,0,0
16303,16303,8,205000070,1,0,1,0,0,1,0,0,1,0,0,1,0,0
16304,16304,8,206000070,1,0,1,0,0,1,0,0,1,0,0,1,0,0
16401,16401,8,212000030,1,0,1,0,0,1,0,0,1,0,0,1,0,0
16402,16402,8,201000060,1,0,1,0,0,1,0,0,1,0,0,1,0,0
16403,16403,8,297000090,1,0,1,0,0,1,0,0,1,0,0,1,0,0
16501,16501,1,101000220,1,0,1,0,0,1,0,0,2,0,0,2,0,0
16502,16502,1,102000230,1,0,1,0,0,1,0,0,2,0,0,2,0,0
16503,16503,2,101000009,1,0,204000,5,0,1,0,0,2,0,0,2,0,0
16601,16601,1,105000190,1,0,1,0,0,1,0,0,2,0,0,2,0,0
16602,16602,1,106000190,1,0,1,0,0,1,0,0,2,0,0,2,0,0
16603,16603,2,103000007,1,0,1,0,0,1,0,0,1,0,0,1,0,0
16604,16604,2,109000006,1,0,204600,25,0,1,0,0,2,0,0,2,0,0
16801,16801,1,102000300,1,0,1,0,0,1,0,0,2,0,0,2,0,0
16802,16802,1,103000260,1,0,1,0,0,1,0,0,2,0,0,2,0,0
16803,16803,1,104000320,1,0,1,0,0,1,0,0,2,0,0,2,0,0
16804,16804,2,101000018,1,0,1,0,0,1,0,0,2,0,0,2,0,0
16805,16805,2,102000009,1,0,1,0,0,1,0,0,2,0,0,2,0,0
16806,16806,2,111000008,1,0,1,0,0,1,0,0,2,0,0,2,0,0
17201,17201,1,109000250,1,0,1,0,0,1,0,0,2,0,0,2,0,0
17202,17202,1,112000120,1,0,1,0,0,1,0,0,2,0,0,2,0,0
17203,17203,2,101000011,1,0,209900,30,0,1,0,0,2,0,0,2,0,0
17204,17204,2,101000014,1,0,1,0,0,1,0,0,2,0,0,2,0,0
17301,17301,8,204000090,1,0,1,0,0,1,0,0,1,0,0,1,0,0
17302,17302,8,209000100,1,0,1,0,0,1,0,0,1,0,0,1,0,0
17303,17303,8,201000080,1,0,1,0,0,1,0,0,1,0,0,1,0,0
17304,17304,8,202000140,1,0,1,0,0,1,0,0,1,0,0,1,0,0
17305,17305,8,203000130,1,0,1,0,0,1,0,0,1,0,0,1,0,0
17306,17306,8,205000090,1,0,1,0,0,1,0,0,1,0,0,1,0,0
17307,17307,8,206000100,1,0,1,0,0,1,0,0,1,0,0,1,0,0
17308,17308,8,211000050,1,0,1,0,0,1,0,0,1,0,0,1,0,0
17601,17601,1,111000200,1,0,1,0,0,1,0,0,2,0,0,2,0,0
17602,17602,1,106000250,1,0,1,0,0,1,0,0,2,0,0,2,0,0
17603,17603,1,105000230,1,0,1,0,0,1,0,0,2,0,0,2,0,0
17604,17604,2,101000012,1,0,1,0,0,1,0,0,2,0,0,2,0,0
17605,17605,2,103000004,1,0,204100,0,0,204800,5,0,2,0,0,2,0,0
17606,17606,2,109000004,1,0,1,0,0,1,0,0,2,0,0,2,0,0
17607,17607,2,120000004,1,0,1,0,0,1,0,0,2,0,0,2,0,0
17608,17608,3,110240,1,0,1,0,0,1,0,0,1,0,0,1,0,0
17609,17609,3,110250,1,0,1,0,0,1,0,0,1,0,0,1,0,0
17610,17610,3,110260,1,0,1,0,0,1,0,0,1,0,0,1,0,0
17611,17611,3,110270,1,0,1,0,0,1,0,0,1,0,0,1,0,0
18001,18001,1,101000280,1,0,1,0,0,1,0,0,2,0,0,2,0,0
18002,18002,1,102000320,1,0,1,0,0,1,0,0,2,0,0,2,0,0
18003,18003,1,103000280,1,0,1,0,0,1,0,0,2,0,0,2,0,0
18004,18004,2,101000004,1,0,1,0,0,1,0,0,2,0,0,2,0,0
18005,18005,2,102000004,1,0,1,0,0,1,0,0,2,0,0,2,0,0
18006,18006,2,105000004,1,0,202700,50,0,204700,1,0,2,0,0,2,0,0
18007,18007,2,120000004,1,0,1,0,0,1,0,0,2,0,0,2,0,0
18008,18008,3,110240,1,0,1,0,0,1,0,0,1,0,0,1,0,0
18009,18009,3,110250,1,0,1,0,0,1,0,0,1,0,0,1,0,0
18010,18010,3,110260,1,0,1,0,0,1,0,0,1,0,0,1,0,0
18011,18011,3,110270,1,0,1,0,0,1,0,0,1,0,0,1,0,0
18401,18401,1,102000170,1,0,101000,50,0,1,0,0,2,0,0,2,0,0
18402,18402,1,103000150,1,0,101000,50,0,1,0,0,2,0,0,2,0,0
18403,18403,1,104000160,1,0,101000,50,0,1,0,0,2,0,0,2,0,0
18404,18404,2,101000004,1,0,1,0,0,1,0,0,2,0,0,2,0,0
18405,18405,2,102000004,1,0,1,0,0,1,0,0,2,0,0,2,0,0
18406,18406,2,115000004,1,0,1,0,0,1,0,0,2,0,0,2,0,0
18407,18407,2,120000004,1,0,1,0,0,1,0,0,2,0,0,2,0,0
18408,18408,3,110240,1,0,1,0,0,1,0,0,1,0,0,1,0,0
18409,18409,3,110250,1,0,1,0,0,1,0,0,1,0,0,1,0,0
18410,18410,3,110260,1,0,1,0,0,1,0,0,1,0,0,1,0,0
18411,18411,3,110270,1,0,1,0,0,1,0,0,1,0,0,1,0,0
18501,18501,1,103000250,1,0,1,0,0,1,0,0,2,0,0,2,0,0
18502,18502,1,104000290,1,0,1,0,0,1,0,0,2,0,0,2,0,0
18503,18503,2,101000017,1,0,202500,50,0,1,0,0,2,0,0,2,0,0
18504,18504,2,111000007,1,0,210100,30,0,1,0,0,2,0,0,2,0,0
18505,18505,2,120000004,1,0,1,0,0,1,0,0,2,0,0,2,0,0
18506,18506,3,110240,1,0,1,0,0,1,0,0,1,0,0,1,0,0
18507,18507,3,110250,1,0,1,0,0,1,0,0,1,0,0,1,0,0
18508,18508,3,110260,1,0,1,0,0,1,0,0,1,0,0,1,0,0
18509,18509,3,110270,1,0,1,0,0,1,0,0,1,0,0,1,0,0
18601,18601,8,202000170,1,0,1,0,0,1,0,0,1,0,0,1,0,0
18602,18602,8,204000120,1,0,1,0,0,1,0,0,1,0,0,1,0,0
18603,18603,8,203000160,1,0,1,0,0,1,0,0,1,0,0,1,0,0
18604,18604,8,208000030,1,0,1,0,0,1,0,0,1,0,0,1,0,0
18605,18605,8,209000120,1,0,1,0,0,1,0,0,1,0,0,1,0,0
18606,18606,8,210000020,1,0,1,0,0,1,0,0,1,0,0,1,0,0
18607,18607,8,216000070,1,0,1,0,0,1,0,0,1,0,0,1,0,0
18608,18608,8,297000120,1,0,1,0,0,1,0,0,1,0,0,1,0,0
18901,18901,8,217000030,1,0,1,0,0,1,0,0,1,0,0,1,0,0
18902,18902,8,205000120,1,0,1,0,0,1,0,0,1,0,0,1,0,0
18903,18903,8,206000130,1,0,1,0,0,1,0,0,1,0,0,1,0,0
18904,18904,8,218000040,1,0,1,0,0,1,0,0,1,0,0,1,0,0
19001,19001,8,211000020,1,0,1,0,0,1,0,0,1,0,0,1,0,0
19002,19002,8,202000080,1,0,1,0,0,1,0,0,1,0,0,1,0,0
19003,19003,8,203000060,1,0,1,0,0,1,0,0,1,0,0,1,0,0
19004,19004,8,290000070,1,0,1,0,0,1,0,0,1,0,0,1,0,0
19101,19101,8,216000050,1,0,1,0,0,1,0,0,1,0,0,1,0,0
19102,19102,8,202000120,1,0,1,0,0,1,0,0,1,0,0,1,0,0
19103,19103,8,203000120,1,0,1,0,0,1,0,0,1,0,0,1,0,0
19104,19104,8,206000090,1,0,1,0,0,1,0,0,1,0,0,1,0,0
19201,19201,8,209000010,1,0,1,0,0,1,0,0,1,0,0,1,0,0
19202,19202,8,205000010,1,0,1,0,0,1,0,0,1,0,0,1,0,0
19203,19203,8,215000020,1,0,1,0,0,1,0,0,1,0,0,1,0,0
19204,19204,8,220000020,1,0,1,0,0,1,0,0,1,0,0,1,0,0
19205,19205,8,204000020,1,0,1,0,0,1,0,0,1,0,0,1,0,0
19206,19206,8,206000010,1,0,1,0,0,1,0,0,1,0,0,1,0,0
19207,19207,8,201000020,1,0,1,0,0,1,0,0,1,0,0,1,0,0
19208,19208,8,216000020,1,0,1,0,0,1,0,0,1,0,0,1,0,0
19209,19209,8,290000030,1,0,1,0,0,1,0,0,1,0,0,1,0,0
19210,19210,8,202000030,1,0,1,0,0,1,0,0,1,0,0,1,0,0
19211,19211,8,203000020,1,0,1,0,0,1,0,0,1,0,0,1,0,0
19212,19212,8,209000020,1,0,1,0,0,1,0,0,1,0,0,1,0,0
19213,19213,8,297000010,1,0,1,0,0,1,0,0,1,0,0,1,0,0
19214,19214,8,297000020,1,0,1,0,0,1,0,0,1,0,0,1,0,0
19301,19301,1,104000340,1,0,1,0,0,1,0,0,2,0,0,2,0,0
19302,19302,1,107000160,1,0,1,0,0,1,0,0,2,0,0,2,0,0
19303,19303,1,109000270,1,0,1,0,0,1,0,0,2,0,0,2,0,0
19304,19304,2,115000004,1,0,1,0,0,1,0,0,2,0,0,2,0,0
19305,19305,2,105000004,1,0,202700,50,0,204700,1,0,2,0,0,2,0,0
19306,19306,2,101000014,1,0,1,0,0,1,0,0,2,0,0,2,0,0
19307,19307,2,120000004,1,0,1,0,0,1,0,0,2,0,0,2,0,0
19308,19308,3,110240,1,0,1,0,0,1,0,0,1,0,0,1,0,0
19309,19309,3,110250,1,0,1,0,0,1,0,0,1,0,0,1,0,0
19310,19310,3,110260,1,0,1,0,0,1,0,0,1,0,0,1,0,0
19311,19311,3,110270,1,0,1,0,0,1,0,0,1,0,0,1,0,0
19701,19701,1,111000180,1,0,1,0,0,1,0,0,2,0,0,2,0,0
19702,19702,1,106000230,1,0,1,0,0,1,0,0,2,0,0,2,0,0
19703,19703,1,109000260,1,0,1,0,0,1,0,0,2,0,0,2,0,0
19704,19704,1,110000180,1,0,1,0,0,1,0,0,2,0,0,2,0,0
19705,19705,2,101000012,1,0,1,0,0,1,0,0,2,0,0,2,0,0
19706,19706,2,103000004,1,0,204100,0,0,204800,5,0,2,0,0,2,0,0
19707,19707,2,101000014,1,0,1,0,0,1,0,0,2,0,0,2,0,0
19708,19708,2,107000004,1,0,205600,0,0,1,0,0,2,0,0,2,0,0
19709,19709,2,120000004,1,0,1,0,0,1,0,0,2,0,0,2,0,0
19710,19710,3,110240,1,0,1,0,0,1,0,0,1,0,0,1,0,0
19711,19711,3,110250,1,0,1,0,0,1,0,0,1,0,0,1,0,0
19712,19712,3,110260,1,0,1,0,0,1,0,0,1,0,0,1,0,0
19713,19713,3,110270,1,0,1,0,0,1,0,0,1,0,0,1,0,0
19801,19801,1,103000290,1,0,1,0,0,1,0,0,2,0,0,2,0,0
19802,19802,1,104000350,1,0,1,0,0,1,0,0,2,0,0,2,0,0
19803,19803,2,101000018,1,0,1,0,0,1,0,0,2,0,0,2,0,0
19804,19804,2,115000004,1,0,1,0,0,1,0,0,2,0,0,2,0,0
19805,19805,2,120000004,1,0,1,0,0,1,0,0,2,0,0,2,0,0
19806,19806,3,110240,1,0,1,0,0,1,0,0,1,0,0,1,0,0
19807,19807,3,110250,1,0,1,0,0,1,0,0,1,0,0,1,0,0
19808,19808,3,110260,1,0,1,0,0,1,0,0,1,0,0,1,0,0
19809,19809,3,110270,1,0,1,0,0,1,0,0,1,0,0,1,0,0
19901,19901,1,102000330,1,0,1,0,0,1,0,0,2,0,0,2,0,0
19902,19902,1,109000280,1,0,1,0,0,1,0,0,2,0,0,2,0,0
19903,19903,2,102000009,1,0,1,0,0,1,0,0,2,0,0,2,0,0
19904,19904,2,101000014,1,0,1,0,0,1,0,0,2,0,0,2,0,0
19905,19905,2,120000004,1,0,1,0,0,1,0,0,2,0,0,2,0,0
19906,19906,3,110240,1,0,1,0,0,1,0,0,1,0,0,1,0,0
19907,19907,3,110250,1,0,1,0,0,1,0,0,1,0,0,1,0,0
19908,19908,3,110260,1,0,1,0,0,1,0,0,1,0,0,1,0,0
19909,19909,3,110270,1,0,1,0,0,1,0,0,1,0,0,1,0,0
20001,20001,8,201000070,1,0,1,0,0,1,0,0,1,0,0,1,0,0
20002,20002,8,202000130,1,0,1,0,0,1,0,0,1,0,0,1,0,0
20003,20003,8,211000040,1,0,1,0,0,1,0,0,1,0,0,1,0,0
20004,20004,8,212000040,1,0,1,0,0,1,0,0,1,0,0,1,0,0
20005,20005,8,290000100,1,0,1,0,0,1,0,0,1,0,0,1,0,0
20101,20101,8,209000130,1,0,1,0,0,1,0,0,1,0,0,1,0,0
20102,20102,8,201000100,1,0,1,0,0,1,0,0,1,0,0,1,0,0
20103,20103,8,202000180,1,0,1,0,0,1,0,0,1,0,0,1,0,0
20104,20104,8,203000170,1,0,1,0,0,1,0,0,1,0,0,1,0,0
20201,20201,8,202000190,1,0,1,0,0,1,0,0,1,0,0,1,0,0
20202,20202,8,211000070,1,0,1,0,0,1,0,0,1,0,0,1,0,0
20203,20203,8,203000180,1,0,1,0,0,1,0,0,1,0,0,1,0,0
20204,20204,8,204000130,1,0,1,0,0,1,0,0,1,0,0,1,0,0
20205,20205,8,209000140,1,0,1,0,0,1,0,0,1,0,0,1,0,0
20301,20301,8,218000050,1,0,1,0,0,1,0,0,1,0,0,1,0,0
20302,20302,8,204000140,1,0,1,0,0,1,0,0,1,0,0,1,0,0
20303,20303,8,206000140,1,0,1,0,0,1,0,0,1,0,0,1,0,0
20304,20304,8,215000060,1,0,1,0,0,1,0,0,1,0,0,1,0,0
20401,20401,8,290000040,1,0,1,0,0,1,0,0,1,0,0,1,0,0
20402,20402,8,202000040,1,0,1,0,0,1,0,0,1,0,0,1,0,0
20403,20403,8,204000030,1,0,1,0,0,1,0,0,1,0,0,1,0,0
20404,20404,8,205000020,1,0,1,0,0,1,0,0,1,0,0,1,0,0
20405,20405,8,206000020,1,0,1,0,0,1,0,0,1,0,0,1,0,0
20406,20406,8,203000030,1,0,1,0,0,1,0,0,1,0,0,1,0,0
20407,20407,8,209000030,1,0,1,0,0,1,0,0,1,0,0,1,0,0
20408,20408,8,215000030,1,0,1,0,0,1,0,0,1,0,0,1,0,0
20501,20501,8,297000030,1,0,1,0,0,1,0,0,1,0,0,1,0,0
20502,20502,8,211000010,1,0,1,0,0,1,0,0,1,0,0,1,0,0
20503,20503,8,297000050,1,0,1,0,0,1,0,0,1,0,0,1,0,0
20504,20504,8,202000060,1,0,1,0,0,1,0,0,1,0,0,1,0,0
20505,20505,8,290000050,1,0,1,0,0,1,0,0,1,0,0,1,0,0
20506,20506,8,297000040,1,0,1,0,0,1,0,0,1,0,0,1,0,0
20507,20507,8,212000010,1,0,1,0,0,1,0,0,1,0,0,1,0,0
20508,20508,8,297000060,1,0,1,0,0,1,0,0,1,0,0,1,0,0
20601,20601,8,205000030,1,0,1,0,0,1,0,0,1,0,0,1,0,0
20602,20602,8,290000060,1,0,1,0,0,1,0,0,1,0,0,1,0,0
20603,20603,8,206000050,1,0,1,0,0,1,0,0,1,0,0,1,0,0
20604,20604,8,220000030,1,0,1,0,0,1,0,0,1,0,0,1,0,0
20605,20605,8,203000040,1,0,1,0,0,1,0,0,1,0,0,1,0,0
20606,20606,8,209000050,1,0,1,0,0,1,0,0,1,0,0,1,0,0
20607,20607,8,203000070,1,0,1,0,0,1,0,0,1,0,0,1,0,0
20608,20608,8,204000050,1,0,1,0,0,1,0,0,1,0,0,1,0,0
20609,20609,8,208000020,1,0,1,0,0,1,0,0,1,0,0,1,0,0
20610,20610,8,216000030,1,0,1,0,0,1,0,0,1,0,0,1,0,0
20801,20801,1,103000320,1,0,1,0,0,1,0,0,2,0,0,2,0,0
20802,20802,1,104000380,1,0,1,0,0,1,0,0,2,0,0,2,0,0
20803,20803,1,111000210,1,0,1,0,0,1,0,0,2,0,0,2,0,0
20804,20804,2,101000015,1,0,207100,0,0,1,0,0,2,0,0,2,0,0
20805,20805,2,102000008,1,0,204300,50,0,1,0,0,2,0,0,2,0,0
20806,20806,2,109000008,1,0,204100,0,0,1,0,0,2,0,0,2,0,0
20807,20807,2,112000008,1,0,305000,100,0,305400,0,0,2,0,0,2,0,0
20808,20808,3,110240,1,0,1,0,0,1,0,0,1,0,0,1,0,0
20809,20809,3,110250,1,0,1,0,0,1,0,0,1,0,0,1,0,0
20810,20810,3,110260,1,0,1,0,0,1,0,0,1,0,0,1,0,0
20811,20811,3,110270,1,0,1,0,0,1,0,0,1,0,0,1,0,0
21301,21301,1,102000240,1,0,1,0,0,1,0,0,2,0,0,2,0,0
21302,21302,1,105000170,1,0,1,0,0,1,0,0,2,0,0,2,0,0
21303,21303,1,109000190,1,0,1,0,0,1,0,0,2,0,0,2,0,0
21304,21304,2,102000008,1,0,204300,50,0,1,0,0,2,0,0,2,0,0
21305,21305,2,109000008,1,0,204100,0,0,1,0,0,2,0,0,2,0,0
21306,21306,2,101000015,1,0,207100,0,0,1,0,0,2,0,0,2,0,0
21307,21307,2,112000008,1,0,305000,100,0,305400,0,0,2,0,0,2,0,0
21308,21308,3,110240,1,0,1,0,0,1,0,0,1,0,0,1,0,0
21309,21309,3,110250,1,0,1,0,0,1,0,0,1,0,0,1,0,0
21310,21310,3,110260,1,0,1,0,0,1,0,0,1,0,0,1,0,0
21311,21311,3,110270,1,0,1,0,0,1,0,0,1,0,0,1,0,0
21401,21401,1,102000380,1,0,1,0,0,1,0,0,2,0,0,2,0,0
21402,21402,1,104000390,1,0,1,0,0,1,0,0,2,0,0,2,0,0
21403,21403,2,115000004,1,0,1,0,0,1,0,0,2,0,0,2,0,0
21404,21404,2,102000004,1,0,1,0,0,1,0,0,2,0,0,2,0,0
21405,21405,2,120000004,1,0,1,0,0,1,0,0,2,0,0,2,0,0
21406,21406,3,110240,1,0,1,0,0,1,0,0,1,0,0,1,0,0
21407,21407,3,110250,1,0,1,0,0,1,0,0,1,0,0,1,0,0
21408,21408,3,110260,1,0,1,0,0,1,0,0,1,0,0,1,0,0
21409,21409,3,110270,1,0,1,0,0,1,0,0,1,0,0,1,0,0
21501,21501,1,104000200,1,0,100900,50,0,101000,50,0,2,0,0,2,0,0
21502,21502,1,106000170,1,0,100900,50,0,101000,50,0,2,0,0,2,0,0
21503,21503,1,111000100,1,0,100900,50,0,101000,50,0,2,0,0,2,0,0
21504,21504,2,111000004,1,0,1,0,0,1,0,0,2,0,0,2,0,0
21505,21505,2,103000004,1,0,204100,0,0,204800,5,0,2,0,0,2,0,0
21506,21506,2,101000012,1,0,1,0,0,1,0,0,2,0,0,2,0,0
21507,21507,2,120000004,1,0,1,0,0,1,0,0,2,0,0,2,0,0
21508,21508,3,110240,1,0,1,0,0,1,0,0,1,0,0,1,0,0
21509,21509,3,110250,1,0,1,0,0,1,0,0,1,0,0,1,0,0
21510,21510,3,110260,1,0,1,0,0,1,0,0,1,0,0,1,0,0
21511,21511,3,110270,1,0,1,0,0,1,0,0,1,0,0,1,0,0
21601,21601,1,102000190,1,0,1,0,0,1,0,0,2,0,0,2,0,0
21602,21602,1,109000150,1,0,1,0,0,1,0,0,2,0,0,2,0,0
21603,21603,1,103000200,1,0,1,0,0,1,0,0,2,0,0,2,0,0
21604,21604,1,111000110,1,0,1,0,0,1,0,0,2,0,0,2,0,0
21605,21605,1,105000190,1,0,1,0,0,1,0,0,2,0,0,2,0,0
21606,21606,1,106000190,1,0,1,0,0,1,0,0,2,0,0,2,0,0
21607,21607,1,109000250,1,0,1,0,0,1,0,0,2,0,0,2,0,0
21608,21608,1,112000120,1,0,1,0,0,1,0,0,2,0,0,2,0,0
21609,21609,1,101000170,1,0,1,0,0,1,0,0,2,0,0,2,0,0
21610,21610,1,101000220,1,0,1,0,0,1,0,0,2,0,0,2,0,0
21611,21611,1,102000230,1,0,1,0,0,1,0,0,2,0,0,2,0,0
21612,21612,1,105000230,1,0,1,0,0,1,0,0,2,0,0,2,0,0
21613,21613,1,106000250,1,0,1,0,0,1,0,0,2,0,0,2,0,0
21614,21614,1,111000200,1,0,1,0,0,1,0,0,2,0,0,2,0,0
21615,21615,1,109000160,1,0,1,0,0,1,0,0,2,0,0,2,0,0
21616,21616,1,102000200,1,0,1,0,0,1,0,0,2,0,0,2,0,0
21617,21617,1,105000150,1,0,1,0,0,1,0,0,2,0,0,2,0,0
21618,21618,1,106000160,1,0,1,0,0,1,0,0,2,0,0,2,0,0
21801,21801,8,202000200,1,0,1,0,0,1,0,0,1,0,0,1,0,0
21802,21802,8,203000190,1,0,1,0,0,1,0,0,1,0,0,1,0,0
21803,21803,8,204000150,1,0,1,0,0,1,0,0,1,0,0,1,0,0
21804,21804,8,209000150,1,0,1,0,0,1,0,0,1,0,0,1,0,0
21901,21901,8,215000070,1,0,1,0,0,1,0,0,1,0,0,1,0,0
21902,21902,8,202000210,1,0,1,0,0,1,0,0,1,0,0,1,0,0
21903,21903,8,205000130,1,0,1,0,0,1,0,0,1,0,0,1,0,0
21904,21904,8,220000050,1,0,1,0,0,1,0,0,1,0,0,1,0,0
22001,22001,8,204000160,1,0,1,0,0,1,0,0,1,0,0,1,0,0
22002,22002,8,201000110,1,0,1,0,0,1,0,0,1,0,0,1,0,0
22003,22003,8,202000220,1,0,1,0,0,1,0,0,1,0,0,1,0,0
22004,22004,8,206000160,1,0,1,0,0,1,0,0,1,0,0,1,0,0
22101,22101,1,101000320,1,0,1,0,0,1,0,0,2,0,0,2,0,0
22102,22102,1,111000230,1,0,1,0,0,1,0,0,2,0,0,2,0,0
22103,22103,1,112000150,1,0,111500,0,0,1,0,0,2,0,0,2,0,0
22104,22104,2,101000013,1,0,204200,5,0,1,0,0,2,0,0,2,0,0
22105,22105,2,101000012,1,0,1,0,0,1,0,0,2,0,0,2,0,0
22106,22106,2,101000011,1,0,209900,30,0,1,0,0,2,0,0,2,0,0
22107,22107,2,120000004,1,0,1,0,0,1,0,0,2,0,0,2,0,0
22108,22108,3,110240,1,0,1,0,0,1,0,0,1,0,0,1,0,0
22109,22109,3,110250,1,0,1,0,0,1,0,0,1,0,0,1,0,0
22110,22110,3,110260,1,0,1,0,0,1,0,0,1,0,0,1,0,0
22111,22111,3,110270,1,0,1,0,0,1,0,0,1,0,0,1,0,0
22201,22201,1,102000440,1,0,100900,100,0,107900,0,0,2,0,0,2,0,0
22202,22202,1,103000340,1,0,100900,100,0,107900,0,0,2,0,0,2,0,0
22203,22203,1,109000340,1,0,100900,100,0,107900,0,0,2,0,0,2,0,0
22204,22204,1,110000200,1,0,100900,100,0,107900,0,0,2,0,0,2,0,0
22205,22205,1,118000120,1,0,100900,100,0,107900,0,0,2,0,0,2,0,0
22206,22206,2,102000004,1,0,1,0,0,1,0,0,2,0,0,2,0,0
22207,22207,2,101000017,1,0,202500,50,0,1,0,0,2,0,0,2,0,0
22208,22208,2,101000014,1,0,1,0,0,1,0,0,2,0,0,2,0,0
22209,22209,2,103000004,1,0,204100,0,0,204800,5,0,2,0,0,2,0,0
22210,22210,2,101000016,1,0,1,0,0,1,0,0,2,0,0,2,0,0
22211,22211,2,120000004,1,0,1,0,0,1,0,0,2,0,0,2,0,0
22212,22212,3,110240,1,0,1,0,0,1,0,0,1,0,0,1,0,0
22213,22213,3,110250,1,0,1,0,0,1,0,0,1,0,0,1,0,0
22214,22214,3,110260,1,0,1,0,0,1,0,0,1,0,0,1,0,0
22215,22215,3,110270,1,0,1,0,0,1,0,0,1,0,0,1,0,0
22801,22801,1,101000240,1,0,107800,2019,0,1,0,0,2,0,0,2,0,0
22802,22802,1,102000250,1,0,107800,2019,0,1,0,0,2,0,0,2,0,0
22803,22803,1,103000210,1,0,107800,2019,0,1,0,0,2,0,0,2,0,0
22804,22804,1,109000210,1,0,107800,2019,0,1,0,0,2,0,0,2,0,0
22805,22805,1,104000240,1,0,107800,2019,0,1,0,0,2,0,0,2,0,0
22806,22806,1,105000200,1,0,107800,2019,0,1,0,0,2,0,0,2,0,0
22807,22807,1,106000200,1,0,107800,2019,0,1,0,0,2,0,0,2,0,0
22808,22808,1,108000140,1,0,107800,2019,0,1,0,0,2,0,0,2,0,0
22809,22809,2,107000007,1,0,207700,0,0,1,0,0,2,0,0,2,0,0
22810,22810,2,120000004,1,0,1,0,0,1,0,0,2,0,0,2,0,0
22811,22811,3,110240,1,0,1,0,0,1,0,0,1,0,0,1,0,0
22812,22812,3,110250,1,0,1,0,0,1,0,0,1,0,0,1,0,0
22813,22813,3,110260,1,0,1,0,0,1,0,0,1,0,0,1,0,0
22814,22814,3,110270,1,0,1,0,0,1,0,0,1,0,0,1,0,0
23201,23201,1,101000350,1,0,102200,10,0,1,0,0,2,0,0,2,0,0
23202,23202,1,106000300,1,0,102200,10,0,1,0,0,2,0,0,2,0,0
23203,23203,2,101000004,1,0,1,0,0,1,0,0,2,0,0,2,0,0
23204,23204,2,103000007,1,0,1,0,0,1,0,0,1,0,0,1,0,0
23205,23205,2,120000004,1,0,1,0,0,1,0,0,2,0,0,2,0,0
23206,23206,3,110240,1,0,1,0,0,1,0,0,1,0,0,1,0,0
23207,23207,3,110250,1,0,1,0,0,1,0,0,1,0,0,1,0,0
23208,23208,3,110260,1,0,1,0,0,1,0,0,1,0,0,1,0,0
23209,23209,3,110270,1,0,1,0,0,1,0,0,1,0,0,1,0,0
23301,23301,1,101000330,1,0,111500,0,0,1,0,0,2,0,0,2,0,0
23302,23302,1,102000420,1,0,111500,0,0,1,0,0,2,0,0,2,0,0
23303,23303,2,101000009,1,0,204000,5,0,1,0,0,2,0,0,2,0,0
23304,23304,2,102000009,1,0,1,0,0,1,0,0,2,0,0,2,0,0
23305,23305,2,120000004,1,0,1,0,0,1,0,0,2,0,0,2,0,0
23306,23306,3,110240,1,0,1,0,0,1,0,0,1,0,0,1,0,0
23307,23307,3,110250,1,0,1,0,0,1,0,0,1,0,0,1,0,0
23308,23308,3,110260,1,0,1,0,0,1,0,0,1,0,0,1,0,0
23309,23309,3,110270,1,0,1,0,0,1,0,0,1,0,0,1,0,0
23401,23401,8,205000140,1,0,1,0,0,1,0,0,1,0,0,1,0,0
23402,23402,8,204000180,1,0,1,0,0,1,0,0,1,0,0,1,0,0
23403,23403,8,206000180,1,0,1,0,0,1,0,0,1,0,0,1,0,0
23404,23404,8,209000170,1,0,1,0,0,1,0,0,1,0,0,1,0,0
23501,23501,8,203000210,1,0,1,0,0,1,0,0,1,0,0,1,0,0
23502,23502,8,204000190,1,0,1,0,0,1,0,0,1,0,0,1,0,0
23503,23503,8,215000080,1,0,1,0,0,1,0,0,1,0,0,1,0,0
23504,23504,8,217000040,1,0,1,0,0,1,0,0,1,0,0,1,0,0
23601,23601,8,209000180,1,0,1,0,0,1,0,0,1,0,0,1,0,0
23602,23602,8,202000260,1,0,1,0,0,1,0,0,1,0,0,1,0,0
23603,23603,8,203000220,1,0,1,0,0,1,0,0,1,0,0,1,0,0
23604,23604,8,218000060,1,0,1,0,0,1,0,0,1,0,0,1,0,0
23701,23701,8,203000090,1,0,1,0,0,1,0,0,1,0,0,1,0,0
23702,23702,8,212000030,1,0,1,0,0,1,0,0,1,0,0,1,0,0
23703,23703,8,202000100,1,0,1,0,0,1,0,0,1,0,0,1,0,0
23704,23704,8,204000070,1,0,1,0,0,1,0,0,1,0,0,1,0,0
23705,23705,8,206000060,1,0,1,0,0,1,0,0,1,0,0,1,0,0
23706,23706,8,201000060,1,0,1,0,0,1,0,0,1,0,0,1,0,0
23707,23707,8,297000090,1,0,1,0,0,1,0,0,1,0,0,1,0,0
23801,23801,8,299000780,1,0,1,0,0,1,0,0,1,0,0,1,0,0
23802,23802,8,299000790,1,0,1,0,0,1,0,0,1,0,0,1,0,0
23803,23803,3,170005,1,0,1,0,0,1,0,0,1,0,0,1,0,0
23804,23804,3,180005,1,0,1,0,0,1,0,0,1,0,0,1,0,0
23901,23901,1,102000450,1,0,111500,0,0,1,0,0,2,0,0,2,0,0
23902,23902,1,109000350,1,0,111500,0,0,1,0,0,2,0,0,2,0,0
23903,23903,1,111000250,1,0,111500,0,0,1,0,0,2,0,0,2,0,0
23904,23904,2,102000004,1,0,1,0,0,1,0,0,2,0,0,2,0,0
23905,23905,2,101000014,1,0,1,0,0,1,0,0,2,0,0,2,0,0
23906,23906,2,101000012,1,0,1,0,0,1,0,0,2,0,0,2,0,0
23907,23907,2,120000004,1,0,1,0,0,1,0,0,2,0,0,2,0,0
23908,23908,3,110240,1,0,1,0,0,1,0,0,1,0,0,1,0,0
23909,23909,3,110250,1,0,1,0,0,1,0,0,1,0,0,1,0,0
23910,23910,3,110260,1,0,1,0,0,1,0,0,1,0,0,1,0,0
23911,23911,3,110270,1,0,1,0,0,1,0,0,1,0,0,1,0,0
24301,24301,1,111000260,1,0,104000,10,0,1,0,0,2,0,0,2,0,0
24302,24302,1,112000170,1,0,104000,10,0,1,0,0,2,0,0,2,0,0
24303,24303,1,118000150,1,0,105100,10,0,1,0,0,2,0,0,2,0,0
24304,24304,2,101000012,1,0,1,0,0,1,0,0,2,0,0,2,0,0
24305,24305,2,101000011,1,0,209900,30,0,1,0,0,2,0,0,2,0,0
24306,24306,2,101000016,1,0,1,0,0,1,0,0,2,0,0,2,0,0
24307,24307,2,120000004,1,0,1,0,0,1,0,0,2,0,0,2,0,0
24308,24308,3,110240,1,0,1,0,0,1,0,0,1,0,0,1,0,0
24309,24309,3,110250,1,0,1,0,0,1,0,0,1,0,0,1,0,0
24310,24310,3,110260,1,0,1,0,0,1,0,0,1,0,0,1,0,0
24311,24311,3,110270,1,0,1,0,0,1,0,0,1,0,0,1,0,0
24701,24701,1,102000470,1,0,104000,10,0,1,0,0,2,0,0,2,0,0
24702,24702,1,103000380,1,0,104000,10,0,1,0,0,2,0,0,2,0,0
24703,24703,2,102000004,1,0,1,0,0,1,0,0,2,0,0,2,0,0
24704,24704,2,105000004,1,0,202700,50,0,204700,1,0,2,0,0,2,0,0
24705,24705,2,120000004,1,0,1,0,0,1,0,0,2,0,0,2,0,0
24706,24706,3,110240,1,0,1,0,0,1,0,0,1,0,0,1,0,0
24707,24707,3,110250,1,0,1,0,0,1,0,0,1,0,0,1,0,0
24708,24708,3,110260,1,0,1,0,0,1,0,0,1,0,0,1,0,0
24709,24709,3,110270,1,0,1,0,0,1,0,0,1,0,0,1,0,0
24801,24801,1,105000290,1,0,102200,10,0,1,0,0,2,0,0,2,0,0
24802,24802,1,106000310,1,0,102200,10,0,1,0,0,2,0,0,2,0,0
24803,24803,2,109000006,1,0,204600,25,0,1,0,0,2,0,0,2,0,0
24804,24804,2,103000007,1,0,1,0,0,1,0,0,1,0,0,1,0,0
24805,24805,2,120000004,1,0,1,0,0,1,0,0,2,0,0,2,0,0
24806,24806,3,110240,1,0,1,0,0,1,0,0,1,0,0,1,0,0
24807,24807,3,110250,1,0,1,0,0,1,0,0,1,0,0,1,0,0
24808,24808,3,110260,1,0,1,0,0,1,0,0,1,0,0,1,0,0
24809,24809,3,110270,1,0,1,0,0,1,0,0,1,0,0,1,0,0
24901,24901,1,101000370,1,0,105600,0,0,1,0,0,2,0,0,2,0,0
24902,24902,1,105000300,1,0,105600,0,0,1,0,0,2,0,0,2,0,0
24903,24903,2,101000009,1,0,204000,5,0,1,0,0,2,0,0,2,0,0
24904,24904,2,109000006,1,0,204600,25,0,1,0,0,2,0,0,2,0,0
24905,24905,2,120000004,1,0,1,0,0,1,0,0,2,0,0,2,0,0
24906,24906,3,110240,1,0,1,0,0,1,0,0,1,0,0,1,0,0
24907,24907,3,110250,1,0,1,0,0,1,0,0,1,0,0,1,0,0
24908,24908,3,110260,1,0,1,0,0,1,0,0,1,0,0,1,0,0
24909,24909,3,110270,1,0,1,0,0,1,0,0,1,0,0,1,0,0
25001,25001,1,103000290,1,0,1,0,0,1,0,0,2,0,0,2,0,0
25002,25002,1,104000350,1,0,1,0,0,1,0,0,2,0,0,2,0,0
25003,25003,1,102000330,1,0,1,0,0,1,0,0,2,0,0,2,0,0
25004,25004,1,109000280,1,0,1,0,0,1,0,0,2,0,0,2,0,0
25005,25005,2,101000018,1,0,1,0,0,1,0,0,2,0,0,2,0,0
25006,25006,2,115000004,1,0,1,0,0,1,0,0,2,0,0,2,0,0
25007,25007,2,102000009,1,0,1,0,0,1,0,0,2,0,0,2,0,0
25008,25008,2,101000014,1,0,1,0,0,1,0,0,2,0,0,2,0,0
25009,25009,2,120000004,1,0,1,0,0,1,0,0,2,0,0,2,0,0
25010,25010,3,110240,1,0,1,0,0,1,0,0,1,0,0,1,0,0
25011,25011,3,110250,1,0,1,0,0,1,0,0,1,0,0,1,0,0
25012,25012,3,110260,1,0,1,0,0,1,0,0,1,0,0,1,0,0
25013,25013,3,110270,1,0,1,0,0,1,0,0,1,0,0,1,0,0
25101,25101,8,204000240,1,0,1,0,0,1,0,0,1,0,0,1,0,0
25102,25102,8,203000250,1,0,1,0,0,1,0,0,1,0,0,1,0,0
25103,25103,8,206000210,1,0,1,0,0,1,0,0,1,0,0,1,0,0
25104,25104,8,299000910,1,0,1,0,0,1,0,0,1,0,0,1,0,0
25201,25201,8,206000150,1,0,1,0,0,1,0,0,1,0,0,1,0,0
25202,25202,8,202000250,1,0,1,0,0,1,0,0,1,0,0,1,0,0
25203,25203,8,204000170,1,0,1,0,0,1,0,0,1,0,0,1,0,0
25204,25204,8,216000080,1,0,1,0,0,1,0,0,1,0,0,1,0,0
25301,25301,8,202000300,1,0,1,0,0,1,0,0,1,0,0,1,0,0
25302,25302,8,201000160,1,0,1,0,0,1,0,0,1,0,0,1,0,0
25303,25303,8,209000210,1,0,1,0,0,1,0,0,1,0,0,1,0,0
25304,25304,8,217000050,1,0,1,0,0,1,0,0,1,0,0,1,0,0
25501,25501,1,104000440,1,0,104000,10,0,1,0,0,2,0,0,2,0,0
25502,25502,1,105000320,1,0,105100,10,0,1,0,0,2,0,0,2,0,0
25503,25503,1,106000320,1,0,105100,10,0,1,0,0,2,0,0,2,0,0
25504,25504,1,108000180,1,0,104000,10,0,1,0,0,2,0,0,2,0,0
25505,25505,1,109000360,1,0,102200,10,0,1,0,0,2,0,0,2,0,0
25506,25506,2,107000007,1,0,207700,0,0,1,0,0,2,0,0,2,0,0
25507,25507,2,120000004,1,0,1,0,0,1,0,0,2,0,0,2,0,0
25508,25508,3,110240,1,0,1,0,0,1,0,0,1,0,0,1,0,0
25509,25509,3,110250,1,0,1,0,0,1,0,0,1,0,0,1,0,0
25510,25510,3,110260,1,0,1,0,0,1,0,0,1,0,0,1,0,0
25511,25511,3,110270,1,0,1,0,0,1,0,0,1,0,0,1,0,0
26101,26101,1,102000480,1,0,104000,10,0,1,0,0,2,0,0,2,0,0
26102,26102,1,111000280,1,0,104000,10,0,1,0,0,2,0,0,2,0,0
26103,26103,2,101000012,1,0,1,0,0,1,0,0,2,0,0,2,0,0
26104,26104,2,102000004,1,0,1,0,0,1,0,0,2,0,0,2,0,0
26105,26105,2,120000004,1,0,1,0,0,1,0,0,2,0,0,2,0,0
26106,26106,3,110240,1,0,1,0,0,1,0,0,1,0,0,1,0,0
26107,26107,3,110250,1,0,1,0,0,1,0,0,1,0,0,1,0,0
26108,26108,3,110260,1,0,1,0,0,1,0,0,1,0,0,1,0,0
26109,26109,3,110270,1,0,1,0,0,1,0,0,1,0,0,1,0,0
26401,26401,1,101000320,1,0,1,0,0,1,0,0,2,0,0,2,0,0
26402,26402,1,111000230,1,0,1,0,0,1,0,0,2,0,0,2,0,0
26403,26403,1,112000150,1,0,111500,0,0,1,0,0,2,0,0,2,0,0
26404,26404,2,101000013,1,0,204200,5,0,1,0,0,2,0,0,2,0,0
26405,26405,2,101000012,1,0,1,0,0,1,0,0,2,0,0,2,0,0
26406,26406,2,101000011,1,0,209900,30,0,1,0,0,2,0,0,2,0,0
26407,26407,2,120000004,1,0,1,0,0,1,0,0,2,0,0,2,0,0
26408,26408,3,110240,1,0,1,0,0,1,0,0,1,0,0,1,0,0
26409,26409,3,110250,1,0,1,0,0,1,0,0,1,0,0,1,0,0
26410,26410,3,110260,1,0,1,0,0,1,0,0,1,0,0,1,0,0
26411,26411,3,110270,1,0,1,0,0,1,0,0,1,0,0,1,0,0
26601,26601,8,202000310,1,0,1,0,0,1,0,0,1,0,0,1,0,0
26602,26602,8,204000250,1,0,1,0,0,1,0,0,1,0,0,1,0,0
26603,26603,8,209000220,1,0,1,0,0,1,0,0,1,0,0,1,0,0
26604,26604,8,215000090,1,0,1,0,0,1,0,0,1,0,0,1,0,0
26701,26701,8,205000170,1,0,1,0,0,1,0,0,1,0,0,1,0,0
26702,26702,8,202000320,1,0,1,0,0,1,0,0,1,0,0,1,0,0
26703,26703,8,206000220,1,0,1,0,0,1,0,0,1,0,0,1,0,0
26704,26704,8,209000230,1,0,1,0,0,1,0,0,1,0,0,1,0,0
26901,26901,1,101000330,1,0,111500,0,0,1,0,0,2,0,0,2,0,0
26902,26902,1,102000420,1,0,111500,0,0,1,0,0,2,0,0,2,0,0
26903,26903,2,101000009,1,0,204000,5,0,1,0,0,2,0,0,2,0,0
26904,26904,2,102000009,1,0,1,0,0,1,0,0,2,0,0,2,0,0
26905,26905,2,120000004,1,0,1,0,0,1,0,0,2,0,0,2,0,0
26906,26906,3,110240,1,0,1,0,0,1,0,0,1,0,0,1,0,0
26907,26907,3,110250,1,0,1,0,0,1,0,0,1,0,0,1,0,0
26908,26908,3,110260,1,0,1,0,0,1,0,0,1,0,0,1,0,0
26909,26909,3,110270,1,0,1,0,0,1,0,0,1,0,0,1,0,0
27001,27001,8,206000150,1,0,1,0,0,1,0,0,1,0,0,1,0,0
27002,27002,8,202000250,1,0,1,0,0,1,0,0,1,0,0,1,0,0
27003,27003,8,204000170,1,0,1,0,0,1,0,0,1,0,0,1,0,0
27004,27004,8,216000080,1,0,1,0,0,1,0,0,1,0,0,1,0,0
27101,27101,1,111000260,1,0,104000,10,0,1,0,0,2,0,0,2,0,0
27102,27102,1,112000170,1,0,104000,10,0,1,0,0,2,0,0,2,0,0
27103,27103,1,118000150,1,0,105100,10,0,1,0,0,2,0,0,2,0,0
27104,27104,2,101000012,1,0,1,0,0,1,0,0,2,0,0,2,0,0
27105,27105,2,101000011,1,0,209900,30,0,1,0,0,2,0,0,2,0,0
27106,27106,2,101000016,1,0,1,0,0,1,0,0,2,0,0,2,0,0
27107,27107,2,120000004,1,0,1,0,0,1,0,0,2,0,0,2,0,0
27108,27108,3,110240,1,0,1,0,0,1,0,0,1,0,0,1,0,0
27109,27109,3,110250,1,0,1,0,0,1,0,0,1,0,0,1,0,0
27110,27110,3,110260,1,0,1,0,0,1,0,0,1,0,0,1,0,0
27111,27111,3,110270,1,0,1,0,0,1,0,0,1,0,0,1,0,0
27501,27501,1,103000290,1,0,1,0,0,1,0,0,2,0,0,2,0,0
27502,27502,1,104000350,1,0,1,0,0,1,0,0,2,0,0,2,0,0
27503,27503,1,102000330,1,0,1,0,0,1,0,0,2,0,0,2,0,0
27504,27504,1,109000280,1,0,1,0,0,1,0,0,2,0,0,2,0,0
27505,27505,2,101000018,1,0,1,0,0,1,0,0,2,0,0,2,0,0
27506,27506,2,115000004,1,0,1,0,0,1,0,0,2,0,0,2,0,0
27507,27507,2,102000009,1,0,1,0,0,1,0,0,2,0,0,2,0,0
27508,27508,2,101000014,1,0,1,0,0,1,0,0,2,0,0,2,0,0
27509,27509,2,120000004,1,0,1,0,0,1,0,0,2,0,0,2,0,0
27510,27510,3,110240,1,0,1,0,0,1,0,0,1,0,0,1,0,0
27511,27511,3,110250,1,0,1,0,0,1,0,0,1,0,0,1,0,0
27512,27512,3,110260,1,0,1,0,0,1,0,0,1,0,0,1,0,0
27513,27513,3,110270,1,0,1,0,0,1,0,0,1,0,0,1,0,0
27601,27601,8,202000300,1,0,1,0,0,1,0,0,1,0,0,1,0,0
27602,27602,8,201000160,1,0,1,0,0,1,0,0,1,0,0,1,0,0
27603,27603,8,209000210,1,0,1,0,0,1,0,0,1,0,0,1,0,0
27604,27604,8,217000050,1,0,1,0,0,1,0,0,1,0,0,1,0,0
27701,27701,1,103000400,1,0,104000,10,0,1,0,0,2,0,0,2,0,0
27702,27702,1,105000330,1,0,105100,10,0,1,0,0,2,0,0,2,0,0
27703,27703,1,109000390,1,0,104000,10,0,1,0,0,2,0,0,2,0,0
27704,27704,1,110000250,1,0,105100,10,0,1,0,0,2,0,0,2,0,0
27705,27705,1,118000180,1,0,104000,10,0,1,0,0,2,0,0,2,0,0
27706,27706,2,101000017,1,0,202500,50,0,1,0,0,2,0,0,2,0,0
27707,27707,2,109000004,1,0,1,0,0,1,0,0,2,0,0,2,0,0
27708,27708,2,101000014,1,0,1,0,0,1,0,0,2,0,0,2,0,0
27709,27709,2,103000004,1,0,204100,0,0,204800,5,0,2,0,0,2,0,0
27710,27710,2,101000016,1,0,207300,50,0,1,0,0,2,0,0,2,0,0
27711,27711,2,120000004,1,0,1,0,0,1,0,0,2,0,0,2,0,0
27712,27712,3,110240,1,0,1,0,0,1,0,0,1,0,0,1,0,0
27713,27713,3,110250,1,0,1,0,0,1,0,0,1,0,0,1,0,0
27714,27714,3,110260,1,0,1,0,0,1,0,0,1,0,0,1,0,0
27715,27715,3,110270,1,0,1,0,0,1,0,0,1,0,0,1,0,0
28401,28401,1,102000480,1,0,104000,10,0,1,0,0,2,0,0,2,0,0
28402,28402,1,111000280,1,0,104000,10,0,1,0,0,2,0,0,2,0,0
28403,28403,2,101000012,1,0,1,0,0,1,0,0,2,0,0,2,0,0
28404,28404,2,102000004,1,0,1,0,0,1,0,0,2,0,0,2,0,0
28405,28405,2,120000004,1,0,1,0,0,1,0,0,2,0,0,2,0,0
28406,28406,3,110240,1,0,1,0,0,1,0,0,1,0,0,1,0,0
28407,28407,3,110250,1,0,1,0,0,1,0,0,1,0,0,1,0,0
28408,28408,3,110260,1,0,1,0,0,1,0,0,1,0,0,1,0,0
28409,28409,3,110270,1,0,1,0,0,1,0,0,1,0,0,1,0,0
28501,28501,1,104000460,1,0,104000,10,0,1,0,0,2,0,0,2,0,0
28502,28502,1,111000290,1,0,104000,10,0,1,0,0,2,0,0,2,0,0
28503,28503,2,101000012,1,0,1,0,0,1,0,0,2,0,0,2,0,0
28504,28504,2,115000004,1,0,1,0,0,1,0,0,2,0,0,2,0,0
28505,28505,2,120000004,1,0,1,0,0,1,0,0,2,0,0,2,0,0
28506,28506,3,110240,1,0,1,0,0,1,0,0,1,0,0,1,0,0
28507,28507,3,110250,1,0,1,0,0,1,0,0,1,0,0,1,0,0
28508,28508,3,110260,1,0,1,0,0,1,0,0,1,0,0,1,0,0
28509,28509,3,110270,1,0,1,0,0,1,0,0,1,0,0,1,0,0
28601,28601,1,102000170,1,0,101000,50,0,1,0,0,2,0,0,2,0,0
28602,28602,1,103000150,1,0,101000,50,0,1,0,0,2,0,0,2,0,0
28603,28603,1,104000160,1,0,101000,50,0,1,0,0,2,0,0,2,0,0
28604,28604,1,111000200,1,0,1,0,0,1,0,0,2,0,0,2,0,0
28605,28605,1,106000250,1,0,1,0,0,1,0,0,2,0,0,2,0,0
28606,28606,1,105000230,1,0,1,0,0,1,0,0,2,0,0,2,0,0
28607,28607,2,102000004,1,0,1,0,0,1,0,0,2,0,0,2,0,0
28608,28608,2,101000017,1,0,202500,50,0,1,0,0,2,0,0,2,0,0
28609,28609,2,115000004,1,0,1,0,0,1,0,0,2,0,0,2,0,0
28610,28610,2,101000012,1,0,1,0,0,1,0,0,2,0,0,2,0,0
28611,28611,2,103000004,1,0,204100,0,0,204800,5,0,2,0,0,2,0,0
28612,28612,2,109000004,1,0,1,0,0,1,0,0,2,0,0,2,0,0
28613,28613,2,120000004,1,0,1,0,0,1,0,0,2,0,0,2,0,0
28614,28614,3,110240,1,0,1,0,0,1,0,0,1,0,0,1,0,0
28615,28615,3,110250,1,0,1,0,0,1,0,0,1,0,0,1,0,0
28616,28616,3,110260,1,0,1,0,0,1,0,0,1,0,0,1,0,0
28617,28617,3,110270,1,0,1,0,0,1,0,0,1,0,0,1,0,0
29001,29001,8,206000230,1,0,1,0,0,1,0,0,1,0,0,1,0,0
29002,29002,8,204000280,1,0,1,0,0,1,0,0,1,0,0,1,0,0
29003,29003,8,211000100,1,0,1,0,0,1,0,0,1,0,0,1,0,0
29004,29004,8,290000140,1,0,1,0,0,1,0,0,1,0,0,1,0,0
29101,29101,8,216000100,1,0,1,0,0,1,0,0,1,0,0,1,0,0
29102,29102,8,202000330,1,0,1,0,0,1,0,0,1,0,0,1,0,0
29103,29103,8,204000290,1,0,1,0,0,1,0,0,1,0,0,1,0,0
29104,29104,8,209000250,1,0,1,0,0,1,0,0,1,0,0,1,0,0
29201,29201,8,217000060,1,0,1,0,0,1,0,0,1,0,0,1,0,0
29202,29202,8,204000260,1,0,1,0,0,1,0,0,1,0,0,1,0,0
29203,29203,8,205000180,1,0,1,0,0,1,0,0,1,0,0,1,0,0
29204,29204,8,218000070,1,0,1,0,0,1,0,0,1,0,0,1,0,0
29301,29301,8,209000010,1,0,1,0,0,1,0,0,1,0,0,1,0,0
29302,29302,8,205000010,1,0,1,0,0,1,0,0,1,0,0,1,0,0
29303,29303,8,215000020,1,0,1,0,0,1,0,0,1,0,0,1,0,0
29304,29304,8,220000020,1,0,1,0,0,1,0,0,1,0,0,1,0,0
29305,29305,8,204000020,1,0,1,0,0,1,0,0,1,0,0,1,0,0
29306,29306,8,206000010,1,0,1,0,0,1,0,0,1,0,0,1,0,0
29307,29307,8,201000020,1,0,1,0,0,1,0,0,1,0,0,1,0,0
29308,29308,8,216000020,1,0,1,0,0,1,0,0,1,0,0,1,0,0
29309,29309,8,290000030,1,0,1,0,0,1,0,0,1,0,0,1,0,0
29310,29310,8,202000030,1,0,1,0,0,1,0,0,1,0,0,1,0,0
29311,29311,8,203000020,1,0,1,0,0,1,0,0,1,0,0,1,0,0
29312,29312,8,209000020,1,0,1,0,0,1,0,0,1,0,0,1,0,0
29313,29313,8,297000010,1,0,1,0,0,1,0,0,1,0,0,1,0,0
29314,29314,8,297000020,1,0,1,0,0,1,0,0,1,0,0,1,0,0
29401,29401,1,103000450,1,0,104000,10,0,1,0,0,2,0,0,2,0,0
29402,29402,1,104000490,1,0,104000,10,0,1,0,0,2,0,0,2,0,0
29403,29403,1,111000310,1,0,104000,10,0,1,0,0,2,0,0,2,0,0
29404,29404,1,106000370,1,0,1,0,0,1,0,0,2,0,0,2,0,0
29405,29405,2,101000017,1,0,202500,50,0,1,0,0,2,0,0,2,0,0
29406,29406,2,115000004,1,0,1,0,0,1,0,0,2,0,0,2,0,0
29407,29407,2,101000012,1,0,1,0,0,1,0,0,2,0,0,2,0,0
29408,29408,2,120000004,1,0,1,0,0,1,0,0,2,0,0,2,0,0
29409,29409,3,110240,1,0,1,0,0,1,0,0,1,0,0,1,0,0
29410,29410,3,110250,1,0,1,0,0,1,0,0,1,0,0,1,0,0
29411,29411,3,110260,1,0,1,0,0,1,0,0,1,0,0,1,0,0
29412,29412,3,110270,1,0,1,0,0,1,0,0,1,0,0,1,0,0
29901,29901,1,105000350,1,0,105100,10,0,1,0,0,2,0,0,2,0,0
29902,29902,1,106000380,1,0,105100,10,0,1,0,0,2,0,0,2,0,0
29903,29903,1,110000260,1,0,105100,10,0,1,0,0,2,0,0,2,0,0
29904,29904,2,101000004,1,0,1,0,0,1,0,0,2,0,0,2,0,0
29905,29905,2,101000009,1,0,204000,5,0,1,0,0,2,0,0,2,0,0
29906,29906,2,120000004,1,0,1,0,0,1,0,0,2,0,0,2,0,0
29907,29907,3,110240,1,0,1,0,0,1,0,0,1,0,0,1,0,0
29908,29908,3,110250,1,0,1,0,0,1,0,0,1,0,0,1,0,0
29909,29909,3,110260,1,0,1,0,0,1,0,0,1,0,0,1,0,0
29910,29910,3,110270,1,0,1,0,0,1,0,0,1,0,0,1,0,0
30401,30401,1,101000400,1,0,104000,10,0,1,0,0,2,0,0,2,0,0
30402,30402,1,102000540,1,0,104000,10,0,1,0,0,2,0,0,2,0,0
30403,30403,2,101000004,1,0,1,0,0,1,0,0,2,0,0,2,0,0
30404,30404,2,102000004,1,0,1,0,0,1,0,0,2,0,0,2,0,0
30405,30405,2,120000004,1,0,1,0,0,1,0,0,2,0,0,2,0,0
30406,30406,3,110240,1,0,1,0,0,1,0,0,1,0,0,1,0,0
30407,30407,3,110250,1,0,1,0,0,1,0,0,1,0,0,1,0,0
30408,30408,3,110260,1,0,1,0,0,1,0,0,1,0,0,1,0,0
30409,30409,3,110270,1,0,1,0,0,1,0,0,1,0,0,1,0,0
30501,30501,1,101000410,1,0,102200,10,0,1,0,0,2,0,0,2,0,0
30502,30502,1,102000560,1,0,102200,10,0,1,0,0,2,0,0,2,0,0
30503,30503,2,101000009,1,0,204000,5,0,1,0,0,2,0,0,2,0,0
30504,30504,2,102000006,1,0,202400,25,0,1,0,0,2,0,0,2,0,0
30505,30505,2,120000004,1,0,1,0,0,1,0,0,2,0,0,2,0,0
30506,30506,3,110240,1,0,1,0,0,1,0,0,1,0,0,1,0,0
30507,30507,3,110250,1,0,1,0,0,1,0,0,1,0,0,1,0,0
30508,30508,3,110260,1,0,1,0,0,1,0,0,1,0,0,1,0,0
30509,30509,3,110270,1,0,1,0,0,1,0,0,1,0,0,1,0,0
30601,30601,8,290000040,1,0,1,0,0,1,0,0,1,0,0,1,0,0
30602,30602,8,204000030,1,0,1,0,0,1,0,0,1,0,0,1,0,0
30603,30603,8,205000020,1,0,1,0,0,1,0,0,1,0,0,1,0,0
30604,30604,8,206000020,1,0,1,0,0,1,0,0,1,0,0,1,0,0
30605,30605,8,202000040,1,0,1,0,0,1,0,0,1,0,0,1,0,0
30606,30606,8,203000030,1,0,1,0,0,1,0,0,1,0,0,1,0,0
30607,30607,8,209000030,1,0,1,0,0,1,0,0,1,0,0,1,0,0
30608,30608,8,215000030,1,0,1,0,0,1,0,0,1,0,0,1,0,0
30701,30701,8,201000180,1,0,1,0,0,1,0,0,1,0,0,1,0,0
30702,30702,8,204000300,1,0,1,0,0,1,0,0,1,0,0,1,0,0
30703,30703,8,209000260,1,0,1,0,0,1,0,0,1,0,0,1,0,0
30704,30704,8,216000110,1,0,1,0,0,1,0,0,1,0,0,1,0,0
30801,30801,8,203000290,1,0,1,0,0,1,0,0,1,0,0,1,0,0
30802,30802,8,205000210,1,0,1,0,0,1,0,0,1,0,0,1,0,0
30803,30803,8,215000110,1,0,1,0,0,1,0,0,1,0,0,1,0,0
30804,30804,8,290000150,1,0,1,0,0,1,0,0,1,0,0,1,0,0
30901,30901,8,202000360,1,0,1,0,0,1,0,0,1,0,0,1,0,0
30902,30902,8,204000310,1,0,1,0,0,1,0,0,1,0,0,1,0,0
30903,30903,8,209000270,1,0,1,0,0,1,0,0,1,0,0,1,0,0
30904,30904,8,216000120,1,0,1,0,0,1,0,0,1,0,0,1,0,0
31001,31001,1,102000190,1,0,1,0,0,1,0,0,2,0,0,2,0,0
31002,31002,1,109000150,1,0,1,0,0,1,0,0,2,0,0,2,0,0
31003,31003,1,103000200,1,0,1,0,0,1,0,0,2,0,0,2,0,0
31004,31004,1,111000110,1,0,1,0,0,1,0,0,2,0,0,2,0,0
31005,31005,1,105000190,1,0,1,0,0,1,0,0,2,0,0,2,0,0
31006,31006,1,106000190,1,0,1,0,0,1,0,0,2,0,0,2,0,0
31007,31007,1,109000250,1,0,1,0,0,1,0,0,2,0,0,2,0,0
31008,31008,1,112000120,1,0,1,0,0,1,0,0,2,0,0,2,0,0
31009,31009,1,102000380,1,0,1,0,0,1,0,0,2,0,0,2,0,0
31010,31010,1,104000390,1,0,1,0,0,1,0,0,2,0,0,2,0,0
31011,31011,1,101000350,1,0,102200,10,0,1,0,0,2,0,0,2,0,0
31012,31012,1,106000300,1,0,102200,10,0,1,0,0,2,0,0,2,0,0
31013,31013,8,297000030,1,0,1,0,0,1,0,0,1,0,0,1,0,0
31014,31014,8,202000060,1,0,1,0,0,1,0,0,1,0,0,1,0,0
31015,31015,8,290000050,1,0,1,0,0,1,0,0,1,0,0,1,0,0
31016,31016,8,297000040,1,0,1,0,0,1,0,0,1,0,0,1,0,0
31017,31017,8,299000780,1,0,1,0,0,1,0,0,1,0,0,1,0,0
31018,31018,8,299000790,1,0,1,0,0,1,0,0,1,0,0,1,0,0
31201,31201,1,106000390,1,0,104000,10,0,1,0,0,2,0,0,2,0,0
31202,31202,1,110000290,1,0,105100,10,0,1,0,0,2,0,0,2,0,0
31203,31203,1,118000200,1,0,104000,10,0,1,0,0,2,0,0,2,0,0
31204,31204,2,102000008,1,0,204300,50,0,1,0,0,2,0,0,2,0,0
31205,31205,2,109000008,1,0,204100,0,0,1,0,0,2,0,0,2,0,0
31206,31206,2,101000015,1,0,207100,0,0,1,0,0,2,0,0,2,0,0
31207,31207,2,112000008,1,0,305000,100,0,305400,0,0,2,0,0,2,0,0
31208,31208,2,120000004,1,0,1,0,0,1,0,0,2,0,0,2,0,0
31209,31209,8,206000050,1,0,1,0,0,1,0,0,1,0,0,1,0,0
31210,31210,8,220000030,1,0,1,0,0,1,0,0,1,0,0,1,0,0
31211,31211,8,203000070,1,0,1,0,0,1,0,0,1,0,0,1,0,0
31212,31212,8,204000050,1,0,1,0,0,1,0,0,1,0,0,1,0,0
31213,31213,8,216000030,1,0,1,0,0,1,0,0,1,0,0,1,0,0
31214,31214,3,110240,1,0,1,0,0,1,0,0,1,0,0,1,0,0
31215,31215,3,110250,1,0,1,0,0,1,0,0,1,0,0,1,0,0
31216,31216,3,110260,1,0,1,0,0,1,0,0,1,0,0,1,0,0
31217,31217,3,110270,1,0,1,0,0,1,0,0,1,0,0,1,0,0
31701,31701,1,102000240,1,0,1,0,0,1,0,0,2,0,0,2,0,0
31702,31702,1,105000170,1,0,1,0,0,1,0,0,2,0,0,2,0,0
31703,31703,1,109000190,1,0,1,0,0,1,0,0,2,0,0,2,0,0
31704,31704,1,103000320,1,0,1,0,0,1,0,0,2,0,0,2,0,0
31705,31705,1,104000380,1,0,1,0,0,1,0,0,2,0,0,2,0,0
31706,31706,1,111000210,1,0,1,0,0,1,0,0,2,0,0,2,0,0
31707,31707,2,102000008,1,0,204300,50,0,1,0,0,2,0,0,2,0,0
31708,31708,2,109000008,1,0,204100,0,0,1,0,0,2,0,0,2,0,0
31709,31709,2,101000015,1,0,207100,0,0,1,0,0,2,0,0,2,0,0
31710,31710,2,112000008,1,0,305000,100,0,305400,0,0,2,0,0,2,0,0
31711,31711,2,120000004,1,0,1,0,0,1,0,0,2,0,0,2,0,0
31712,31712,8,206000050,1,0,1,0,0,1,0,0,1,0,0,1,0,0
31713,31713,8,220000030,1,0,1,0,0,1,0,0,1,0,0,1,0,0
31714,31714,8,203000070,1,0,1,0,0,1,0,0,1,0,0,1,0,0
31715,31715,8,204000050,1,0,1,0,0,1,0,0,1,0,0,1,0,0
31716,31716,8,216000030,1,0,1,0,0,1,0,0,1,0,0,1,0,0
31717,31717,3,110240,1,0,1,0,0,1,0,0,1,0,0,1,0,0
31718,31718,3,110250,1,0,1,0,0,1,0,0,1,0,0,1,0,0
31719,31719,3,110260,1,0,1,0,0,1,0,0,1,0,0,1,0,0
31720,31720,3,110270,1,0,1,0,0,1,0,0,1,0,0,1,0,0
31901,31901,8,209000300,1,0,1,0,0,1,0,0,1,0,0,1,0,0
31902,31902,8,201000190,1,0,1,0,0,1,0,0,1,0,0,1,0,0
31903,31903,8,203000320,1,0,1,0,0,1,0,0,1,0,0,1,0,0
31904,31904,8,204000340,1,0,1,0,0,1,0,0,1,0,0,1,0,0
32001,32001,1,101000390,1,0,105600,0,0,1,0,0,2,0,0,2,0,0
32002,32002,1,103000390,1,0,105600,0,0,1,0,0,2,0,0,2,0,0
32003,32003,2,105000007,1,0,1,0,0,1,0,0,2,0,0,2,0,0
32004,32004,2,120000004,1,0,1,0,0,1,0,0,2,0,0,2,0,0
32005,32005,3,110240,1,0,1,0,0,1,0,0,1,0,0,1,0,0
32006,32006,3,110250,1,0,1,0,0,1,0,0,1,0,0,1,0,0
32007,32007,3,110260,1,0,1,0,0,1,0,0,1,0,0,1,0,0
32008,32008,3,110270,1,0,1,0,0,1,0,0,1,0,0,1,0,0
32101,32101,1,102000170,1,0,101000,50,0,1,0,0,2,0,0,2,0,0
32102,32102,1,103000150,1,0,101000,50,0,1,0,0,2,0,0,2,0,0
32103,32103,1,104000160,1,0,101000,50,0,1,0,0,2,0,0,2,0,0
32104,32104,1,105000230,1,0,1,0,0,1,0,0,2,0,0,2,0,0
32105,32105,1,106000250,1,0,1,0,0,1,0,0,2,0,0,2,0,0
32106,32106,1,111000200,1,0,1,0,0,1,0,0,2,0,0,2,0,0
32107,32107,1,103000400,1,0,104000,10,0,1,0,0,2,0,0,2,0,0
32108,32108,1,105000330,1,0,105100,10,0,1,0,0,2,0,0,2,0,0
32109,32109,1,109000390,1,0,104000,10,0,1,0,0,2,0,0,2,0,0
32110,32110,1,110000250,1,0,105100,10,0,1,0,0,2,0,0,2,0,0
32111,32111,1,118000180,1,0,104000,10,0,1,0,0,2,0,0,2,0,0
32112,32112,1,102000480,1,0,104000,10,0,1,0,0,2,0,0,2,0,0
32113,32113,1,111000280,1,0,104000,10,0,1,0,0,2,0,0,2,0,0
32114,32114,1,101000170,1,0,1,0,0,1,0,0,2,0,0,2,0,0
32115,32115,1,101000220,1,0,1,0,0,1,0,0,2,0,0,2,0,0
32116,32116,1,102000230,1,0,1,0,0,1,0,0,2,0,0,2,0,0
32117,32117,1,103000250,1,0,1,0,0,1,0,0,2,0,0,2,0,0
32118,32118,1,104000290,1,0,1,0,0,1,0,0,2,0,0,2,0,0
32119,32119,1,101000370,1,0,105600,0,0,1,0,0,2,0,0,2,0,0
32120,32120,1,105000300,1,0,105600,0,0,1,0,0,2,0,0,2,0,0
32121,32121,1,102000470,1,0,104000,10,0,1,0,0,2,0,0,2,0,0
32122,32122,1,103000380,1,0,104000,10,0,1,0,0,2,0,0,2,0,0
32123,32123,1,109000160,1,0,1,0,0,1,0,0,2,0,0,2,0,0
32127,32127,1,110000160,1,0,1,0,0,1,0,0,2,0,0,2,0,0
32128,32128,1,112000100,1,0,1,0,0,1,0,0,2,0,0,2,0,0
32129,32129,1,101000290,1,0,1,0,0,1,0,0,2,0,0,2,0,0
32130,32130,1,104000360,1,0,1,0,0,1,0,0,2,0,0,2,0,0
32131,32131,1,107000170,1,0,1,0,0,1,0,0,2,0,0,2,0,0
32132,32132,1,103000330,1,0,1,0,0,1,0,0,2,0,0,2,0,0
32133,32133,1,110000210,1,0,1,0,0,1,0,0,2,0,0,2,0,0
32134,32134,1,109000330,1,0,1,0,0,1,0,0,2,0,0,2,0,0
32135,32135,1,104000410,1,0,1,0,0,1,0,0,2,0,0,2,0,0
32136,32136,1,102000370,1,0,1,0,0,1,0,0,2,0,0,2,0,0
32137,32137,1,102000310,1,0,1,0,0,1,0,0,2,0,0,2,0,0
32138,32138,1,106000240,1,0,1,0,0,1,0,0,2,0,0,2,0,0
32139,32139,1,103000300,1,0,1,0,0,1,0,0,2,0,0,2,0,0
32140,32140,1,102000340,1,0,1,0,0,1,0,0,2,0,0,2,0,0
32141,32141,1,109000310,1,0,1,0,0,1,0,0,2,0,0,2,0,0
32142,32142,1,105000250,1,0,1,0,0,1,0,0,2,0,0,2,0,0
32143,32143,1,118000130,1,0,1,0,0,1,0,0,2,0,0,2,0,0
32144,32144,1,101000340,1,0,1,0,0,1,0,0,2,0,0,2,0,0
32145,32145,1,104000430,1,0,1,0,0,1,0,0,2,0,0,2,0,0
32146,32146,1,110000220,1,0,1,0,0,1,0,0,2,0,0,2,0,0
32147,32147,1,106000330,1,0,1,0,0,1,0,0,2,0,0,2,0,0
32148,32148,1,109000170,1,0,1,0,0,1,0,0,2,0,0,2,0,0
32149,32149,1,111000120,1,0,1,0,0,1,0,0,2,0,0,2,0,0
32150,32150,1,118000090,1,0,1,0,0,1,0,0,2,0,0,2,0,0
32151,32151,1,104000310,1,0,1,0,0,1,0,0,2,0,0,2,0,0
32152,32152,1,106000290,1,0,1,0,0,1,0,0,2,0,0,2,0,0
32153,32153,1,102000400,1,0,1,0,0,1,0,0,2,0,0,2,0,0
32154,32154,1,102000200,1,0,1,0,0,1,0,0,2,0,0,2,0,0
32155,32155,1,105000150,1,0,1,0,0,1,0,0,2,0,0,2,0,0
32156,32156,1,106000160,1,0,1,0,0,1,0,0,2,0,0,2,0,0
32301,32301,8,206000280,1,0,1,0,0,1,0,0,1,0,0,1,0,0
32302,32302,8,205000250,1,0,1,0,0,1,0,0,1,0,0,1,0,0
32303,32303,8,209000310,1,0,1,0,0,1,0,0,1,0,0,1,0,0
32304,32304,8,217000100,1,0,1,0,0,1,0,0,1,0,0,1,0,0
32401,32401,1,102000570,1,0,105100,10,0,1,0,0,2,0,0,2,0,0
32402,32402,1,104000510,1,0,104000,10,0,1,0,0,2,0,0,2,0,0
32403,32403,1,111000330,1,0,102200,10,0,1,0,0,2,0,0,2,0,0
32404,32404,2,102000004,1,0,1,0,0,1,0,0,2,0,0,2,0,0
32405,32405,2,101000012,1,0,1,0,0,1,0,0,2,0,0,2,0,0
32406,32406,2,115000004,1,0,1,0,0,1,0,0,2,0,0,2,0,0
32407,32407,2,120000004,1,0,1,0,0,1,0,0,2,0,0,2,0,0
32408,32408,3,110240,1,0,1,0,0,1,0,0,1,0,0,1,0,0
32409,32409,3,110250,1,0,1,0,0,1,0,0,1,0,0,1,0,0
32410,32410,3,110260,1,0,1,0,0,1,0,0,1,0,0,1,0,0
32411,32411,3,110270,1,0,1,0,0,1,0,0,1,0,0,1,0,0
32901,32901,1,101000240,1,0,107800,2019,0,1,0,0,2,0,0,2,0,0
32902,32902,1,102000250,1,0,107800,2019,0,1,0,0,2,0,0,2,0,0
32903,32903,1,103000210,1,0,107800,2019,0,1,0,0,2,0,0,2,0,0
32904,32904,1,109000210,1,0,107800,2019,0,1,0,0,2,0,0,2,0,0
32905,32905,1,104000240,1,0,107800,2019,0,1,0,0,2,0,0,2,0,0
32906,32906,1,105000200,1,0,107800,2019,0,1,0,0,2,0,0,2,0,0
32907,32907,1,106000200,1,0,107800,2019,0,1,0,0,2,0,0,2,0,0
32908,32908,1,108000140,1,0,107800,2019,0,1,0,0,2,0,0,2,0,0
32909,32909,2,107000007,1,0,207700,0,0,1,0,0,2,0,0,2,0,0
32910,32910,2,120000004,1,0,1,0,0,1,0,0,2,0,0,2,0,0
32911,32911,3,110240,1,0,1,0,0,1,0,0,1,0,0,1,0,0
32912,32912,3,110250,1,0,1,0,0,1,0,0,1,0,0,1,0,0
32913,32913,3,110260,1,0,1,0,0,1,0,0,1,0,0,1,0,0
32914,32914,3,110270,1,0,1,0,0,1,0,0,1,0,0,1,0,0
33101,33101,1,109000410,1,0,104000,10,0,1,0,0,2,0,0,2,0,0
33102,33102,1,112000200,1,0,104000,10,0,1,0,0,2,0,0,2,0,0
33103,33103,2,115000005,1,0,1,0,0,1,0,0,2,0,0,2,0,0
33104,33104,2,101000019,1,0,204400,0,0,204900,0,0,2,0,0,2,0,0
33105,33105,2,120000004,1,0,1,0,0,1,0,0,2,0,0,2,0,0
33106,33106,3,110240,1,0,1,0,0,1,0,0,1,0,0,1,0,0
33107,33107,3,110250,1,0,1,0,0,1,0,0,1,0,0,1,0,0
33108,33108,3,110260,1,0,1,0,0,1,0,0,1,0,0,1,0,0
33109,33109,3,110270,1,0,1,0,0,1,0,0,1,0,0,1,0,0
33201,33201,8,203000330,1,0,1,0,0,1,0,0,1,0,0,1,0,0
33202,33202,8,202000410,1,0,1,0,0,1,0,0,1,0,0,1,0,0
33203,33203,8,204000350,1,0,1,0,0,1,0,0,1,0,0,1,0,0
33204,33204,8,216000150,1,0,1,0,0,1,0,0,1,0,0,1,0,0
33301,33301,8,203000090,1,0,1,0,0,1,0,0,1,0,0,1,0,0
33302,33302,8,202000100,1,0,1,0,0,1,0,0,1,0,0,1,0,0
33303,33303,8,204000070,1,0,1,0,0,1,0,0,1,0,0,1,0,0
33304,33304,8,206000060,1,0,1,0,0,1,0,0,1,0,0,1,0,0
33305,33305,8,212000030,1,0,1,0,0,1,0,0,1,0,0,1,0,0
33306,33306,8,201000060,1,0,1,0,0,1,0,0,1,0,0,1,0,0
33307,33307,8,297000090,1,0,1,0,0,1,0,0,1,0,0,1,0,0
33401,33401,1,104000540,1,1,111500,0,0,1,0,0,2,0,0,2,0,0
33402,33402,1,105000380,1,1,111500,0,0,1,0,0,2,0,0,2,0,0
33403,33403,1,106000400,1,1,111500,0,0,1,0,0,2,0,0,2,0,0
33404,33404,2,111000004,1,0,1,0,0,1,0,0,2,0,0,2,0,0
33405,33405,2,109000004,1,0,1,0,0,1,0,0,2,0,0,2,0,0
33406,33406,2,103000004,1,0,204100,0,0,204800,5,0,2,0,0,2,0,0
33407,33407,2,120000004,1,0,1,0,0,1,0,0,2,0,0,2,0,0
33408,33408,3,110240,1,0,1,0,0,1,0,0,1,0,0,1,0,0
33409,33409,3,110250,1,0,1,0,0,1,0,0,1,0,0,1,0,0
33410,33410,3,110260,1,0,1,0,0,1,0,0,1,0,0,1,0,0
33411,33411,3,110270,1,0,1,0,0,1,0,0,1,0,0,1,0,0
33901,33901,1,102000590,1,1,105100,10,0,1,0,0,2,0,0,2,0,0
33902,33902,1,111000360,1,1,104000,10,0,1,0,0,2,0,0,2,0,0
33903,33903,2,107000007,1,0,207700,0,0,1,0,0,2,0,0,2,0,0
33904,33904,2,120000004,1,0,1,0,0,1,0,0,2,0,0,2,0,0
33905,33905,3,110240,1,0,1,0,0,1,0,0,1,0,0,1,0,0
33906,33906,3,110250,1,0,1,0,0,1,0,0,1,0,0,1,0,0
33907,33907,3,110260,1,0,1,0,0,1,0,0,1,0,0,1,0,0
33908,33908,3,110270,1,0,1,0,0,1,0,0,1,0,0,1,0,0
34101,34101,1,102000450,1,1,111500,0,0,1,0,0,2,0,0,2,0,0
34102,34102,1,109000350,1,1,111500,0,0,1,0,0,2,0,0,2,0,0
34103,34103,1,111000250,1,1,111500,0,0,1,0,0,2,0,0,2,0,0
34104,34104,1,101000330,1,1,111500,0,0,1,0,0,2,0,0,2,0,0
34105,34105,1,102000420,1,1,111500,0,0,1,0,0,2,0,0,2,0,0
34106,34106,1,104000440,1,1,104000,10,0,1,0,0,2,0,0,2,0,0
34107,34107,1,105000320,1,1,105100,10,0,1,0,0,2,0,0,2,0,0
34108,34108,1,106000320,1,1,105100,10,0,1,0,0,2,0,0,2,0,0
34109,34109,1,108000180,1,1,104000,10,0,1,0,0,2,0,0,2,0,0
34110,34110,1,109000360,1,1,102200,10,0,1,0,0,2,0,0,2,0,0
34111,34111,1,104000200,1,1,100900,50,0,101000,50,0,2,0,0,2,0,0
34112,34112,1,106000170,1,1,100900,50,0,101000,50,0,2,0,0,2,0,0
34113,34113,1,111000100,1,1,100900,50,0,101000,50,0,2,0,0,2,0,0
34114,34114,1,102000440,1,1,100900,100,0,107900,0,0,2,0,0,2,0,0
34115,34115,1,103000340,1,1,100900,100,0,107900,0,0,2,0,0,2,0,0
34116,34116,1,109000340,1,1,100900,100,0,107900,0,0,2,0,0,2,0,0
34117,34117,1,110000200,1,1,100900,100,0,107900,0,0,2,0,0,2,0,0
34118,34118,1,118000120,1,1,100900,100,0,107900,0,0,2,0,0,2,0,0
34119,34119,1,103000290,1,1,1,0,0,1,0,0,2,0,0,2,0,0
34120,34120,1,104000350,1,1,1,0,0,1,0,0,2,0,0,2,0,0
34121,34121,1,102000330,1,1,1,0,0,1,0,0,2,0,0,2,0,0
34122,34122,1,109000280,1,1,1,0,0,1,0,0,2,0,0,2,0,0
34123,34123,1,101000320,1,1,1,0,0,1,0,0,2,0,0,2,0,0
34124,34124,1,111000230,1,1,1,0,0,1,0,0,2,0,0,2,0,0
34125,34125,1,112000150,1,1,111500,0,0,1,0,0,2,0,0,2,0,0
34126,34126,2,101000013,1,0,204200,5,0,1,0,0,2,0,0,2,0,0
34127,34127,2,101000012,1,0,1,0,0,1,0,0,2,0,0,2,0,0
34128,34128,2,101000011,1,0,209900,30,0,1,0,0,2,0,0,2,0,0
34129,34129,2,101000018,1,0,1,0,0,1,0,0,2,0,0,2,0,0
34130,34130,2,101000014,1,0,1,0,0,1,0,0,2,0,0,2,0,0
34131,34131,2,101000016,1,0,207300,50,0,1,0,0,2,0,0,2,0,0
34132,34132,2,102000009,1,0,1,0,0,1,0,0,2,0,0,2,0,0
34133,34133,2,103000007,1,0,1,0,0,1,0,0,1,0,0,1,0,0
34134,34134,2,107000007,1,0,207700,0,0,1,0,0,2,0,0,2,0,0
34135,34135,2,111000008,1,0,1,0,0,1,0,0,2,0,0,2,0,0
34136,34136,2,115000005,1,0,1,0,0,1,0,0,2,0,0,2,0,0
34201,34201,1,103000490,1,1,104000,10,0,1,0,0,2,0,0,2,0,0
34202,34202,1,109000440,1,1,102200,10,0,1,0,0,2,0,0,2,0,0
34203,34203,1,118000220,1,1,104000,10,0,1,0,0,2,0,0,2,0,0
34204,34204,1,105000400,1,1,105100,10,0,1,0,0,2,0,0,2,0,0
34205,34205,1,106000420,1,1,105100,10,0,1,0,0,2,0,0,2,0,0
34206,34206,1,103000500,1,1,111500,0,0,1,0,0,2,0,0,2,0,0
34207,34207,1,110000310,1,1,111500,0,0,1,0,0,2,0,0,2,0,0
34208,34208,1,118000230,1,1,111500,0,0,1,0,0,2,0,0,2,0,0
34209,34209,1,101000440,1,1,104000,10,0,1,0,0,2,0,0,2,0,0
34210,34210,1,102000600,1,1,104000,10,0,1,0,0,2,0,0,2,0,0
