YuiMedalShopItemId,YuiMedalShopId,CommonRewardType,CommonRewardId,CommonRewardNum,Strength,Property1PropertyId,Property1Value1,Property1Value2,Property2PropertyId,Property2Value1,Property2Value2,Property3PropertyId,Property3Value1,Property3Value2,Property4PropertyId,Property4Value1,Property4Value2
1,1,1,101000190,1,0,1,0,0,1,0,0,2,0,0,2,0,0
2,2,1,110000150,1,0,1,0,0,1,0,0,2,0,0,2,0,0
3,3,2,120000003,1,0,302000,10,0,301900,20,0,2,0,0,2,0,0
4,4,2,101000004,1,0,200400,90,0,200400,90,0,2,0,0,2,0,0
5,5,2,102000004,1,0,1,0,0,1,0,0,2,0,0,2,0,0
6,6,2,103000004,1,0,204100,0,0,204800,5,0,2,0,0,2,0,0
7,7,2,109000004,1,0,1,0,0,1,0,0,2,0,0,2,0,0
8,8,2,112000004,1,0,305000,100,0,1,0,0,2,0,0,2,0,0
9,9,1,105000160,1,0,1,0,0,1,0,0,2,0,0,2,0,0
10,10,1,102000210,1,0,1,0,0,1,0,0,2,0,0,2,0,0
11,11,2,101000002,1,0,202400,75,0,202400,75,0,2,0,0,99999,0,0
12,12,2,105000004,1,0,202700,50,0,204700,1,0,2,0,0,2,0,0
13,13,2,108000004,1,0,1,0,0,1,0,0,2,0,0,2,0,0
14,14,2,111000004,1,0,1,0,0,1,0,0,2,0,0,2,0,0
15,15,2,107000004,1,0,205600,0,0,1,0,0,2,0,0,2,0,0
16,16,2,115000004,1,0,1,0,0,1,0,0,2,0,0,2,0,0
17,17,1,106000180,1,0,1,0,0,1,0,0,2,0,0,2,0,0
18,18,1,112000090,1,0,1,0,0,1,0,0,2,0,0,2,0,0
19,19,2,102000002,1,0,202600,50,0,202600,50,0,2,0,0,99999,0,0
20,20,2,101000004,1,0,200400,90,0,200400,90,0,2,0,0,2,0,0
21,21,2,102000004,1,0,1,0,0,1,0,0,2,0,0,2,0,0
22,22,2,103000004,1,0,204100,0,0,204800,5,0,2,0,0,2,0,0
23,23,2,109000004,1,0,1,0,0,1,0,0,2,0,0,2,0,0
24,24,2,112000004,1,0,305000,100,0,1,0,0,2,0,0,2,0,0
25,25,1,104000230,1,0,1,0,0,1,0,0,2,0,0,2,0,0
26,26,1,101000250,1,0,1,0,0,1,0,0,2,0,0,2,0,0
27,27,1,102000260,1,0,1,0,0,1,0,0,2,0,0,2,0,0
28,28,1,103000220,1,0,1,0,0,1,0,0,2,0,0,2,0,0
29,29,1,104000250,1,0,1,0,0,1,0,0,2,0,0,2,0,0
30,30,1,105000210,1,0,1,0,0,1,0,0,2,0,0,2,0,0
31,31,1,106000210,1,0,1,0,0,1,0,0,2,0,0,2,0,0
32,32,1,107000140,1,0,1,0,0,1,0,0,2,0,0,2,0,0
33,33,1,108000150,1,0,1,0,0,1,0,0,2,0,0,2,0,0
34,34,1,109000230,1,0,1,0,0,1,0,0,2,0,0,2,0,0
35,35,1,110000170,1,0,1,0,0,1,0,0,2,0,0,2,0,0
36,36,1,111000140,1,0,1,0,0,1,0,0,2,0,0,2,0,0
37,37,1,112000110,1,0,1,0,0,1,0,0,2,0,0,2,0,0
38,38,3,170004,1,0,1,0,0,1,0,0,1,0,0,1,0,0
39,39,3,180004,1,0,1,0,0,1,0,0,1,0,0,1,0,0
40,40,3,170001,1,0,1,0,0,1,0,0,1,0,0,1,0,0
41,41,3,180001,1,0,1,0,0,1,0,0,1,0,0,1,0,0
42,42,3,170005,1,0,1,0,0,1,0,0,1,0,0,1,0,0
43,43,3,180005,1,0,1,0,0,1,0,0,1,0,0,1,0,0
44,44,3,140000,1,0,1,0,0,1,0,0,1,0,0,1,0,0
45,45,3,150010,1,0,1,0,0,1,0,0,1,0,0,1,0,0
46,46,3,150020,1,0,1,0,0,1,0,0,1,0,0,1,0,0
47,47,3,150030,1,0,1,0,0,1,0,0,1,0,0,1,0,0
48,48,3,150040,1,0,1,0,0,1,0,0,1,0,0,1,0,0
49,49,3,190000,1,0,1,0,0,1,0,0,1,0,0,1,0,0
50,50,3,200000,1,0,1,0,0,1,0,0,1,0,0,1,0,0
51,51,3,210000,1,0,1,0,0,1,0,0,1,0,0,1,0,0
52,52,1,103000230,1,0,1,0,0,1,0,0,2,0,0,2,0,0
53,53,1,111000160,1,0,1,0,0,1,0,0,2,0,0,2,0,0
54,54,1,107000150,1,0,1,0,0,1,0,0,2,0,0,2,0,0
55,55,1,108000160,1,0,1,0,0,1,0,0,2,0,0,2,0,0
56,56,8,201000090,1,0,1,0,0,1,0,0,1,0,0,1,0,0
57,57,8,299000440,1,0,1,0,0,1,0,0,1,0,0,1,0,0
58,58,8,299000450,1,0,1,0,0,1,0,0,1,0,0,1,0,0
59,59,8,299000460,1,0,1,0,0,1,0,0,1,0,0,1,0,0
60,60,8,299000470,1,0,1,0,0,1,0,0,1,0,0,1,0,0
61,61,8,299000480,1,0,1,0,0,1,0,0,1,0,0,1,0,0
62,62,3,170004,1,0,1,0,0,1,0,0,1,0,0,1,0,0
63,63,3,180004,1,0,1,0,0,1,0,0,1,0,0,1,0,0
64,64,3,170001,1,0,1,0,0,1,0,0,1,0,0,1,0,0
65,65,3,180001,1,0,1,0,0,1,0,0,1,0,0,1,0,0
66,66,3,170005,1,0,1,0,0,1,0,0,1,0,0,1,0,0
67,67,3,180005,1,0,1,0,0,1,0,0,1,0,0,1,0,0
68,68,3,140000,1,0,1,0,0,1,0,0,1,0,0,1,0,0
69,69,3,150010,1,0,1,0,0,1,0,0,1,0,0,1,0,0
70,70,3,150020,1,0,1,0,0,1,0,0,1,0,0,1,0,0
71,71,3,150030,1,0,1,0,0,1,0,0,1,0,0,1,0,0
72,72,3,150040,1,0,1,0,0,1,0,0,1,0,0,1,0,0
73,73,3,190000,1,0,1,0,0,1,0,0,1,0,0,1,0,0
74,74,3,200000,1,0,1,0,0,1,0,0,1,0,0,1,0,0
75,75,3,210000,1,0,1,0,0,1,0,0,1,0,0,1,0,0
76,76,2,101000018,1,0,1,0,0,1,0,0,2,0,0,2,0,0
77,77,2,102000009,1,0,1,0,0,1,0,0,2,0,0,2,0,0
78,78,2,111000008,1,0,1,0,0,1,0,0,2,0,0,2,0,0
79,79,8,202000160,1,0,1,0,0,1,0,0,1,0,0,1,0,0
80,80,8,203000150,1,0,1,0,0,1,0,0,1,0,0,1,0,0
81,81,8,204000110,1,0,1,0,0,1,0,0,1,0,0,1,0,0
82,82,8,205000110,1,0,1,0,0,1,0,0,1,0,0,1,0,0
83,83,8,206000120,1,0,1,0,0,1,0,0,1,0,0,1,0,0
84,84,8,212000050,1,0,1,0,0,1,0,0,1,0,0,1,0,0
85,85,3,170004,1,0,1,0,0,1,0,0,1,0,0,1,0,0
86,86,3,180004,1,0,1,0,0,1,0,0,1,0,0,1,0,0
87,87,3,170001,1,0,1,0,0,1,0,0,1,0,0,1,0,0
88,88,3,180001,1,0,1,0,0,1,0,0,1,0,0,1,0,0
89,89,3,170005,1,0,1,0,0,1,0,0,1,0,0,1,0,0
90,90,3,180005,1,0,1,0,0,1,0,0,1,0,0,1,0,0
91,91,3,140000,1,0,1,0,0,1,0,0,1,0,0,1,0,0
92,92,3,150010,1,0,1,0,0,1,0,0,1,0,0,1,0,0
93,93,3,150020,1,0,1,0,0,1,0,0,1,0,0,1,0,0
94,94,3,150030,1,0,1,0,0,1,0,0,1,0,0,1,0,0
95,95,3,150040,1,0,1,0,0,1,0,0,1,0,0,1,0,0
96,96,3,190000,1,0,1,0,0,1,0,0,1,0,0,1,0,0
97,97,3,200000,1,0,1,0,0,1,0,0,1,0,0,1,0,0
98,98,3,210000,1,0,1,0,0,1,0,0,1,0,0,1,0,0
99,99,1,109000130,1,0,1,0,0,1,0,0,2,0,0,2,0,0
100,100,8,299000550,1,0,1,0,0,1,0,0,1,0,0,1,0,0
101,101,8,299000560,1,0,1,0,0,1,0,0,1,0,0,1,0,0
102,102,8,299000570,1,0,1,0,0,1,0,0,1,0,0,1,0,0
103,103,8,299000580,1,0,1,0,0,1,0,0,1,0,0,1,0,0
104,104,8,299000590,1,0,1,0,0,1,0,0,1,0,0,1,0,0
105,105,8,299000600,1,0,1,0,0,1,0,0,1,0,0,1,0,0
106,106,3,170004,1,0,1,0,0,1,0,0,1,0,0,1,0,0
107,107,3,180004,1,0,1,0,0,1,0,0,1,0,0,1,0,0
108,108,3,170001,1,0,1,0,0,1,0,0,1,0,0,1,0,0
109,109,3,180001,1,0,1,0,0,1,0,0,1,0,0,1,0,0
110,110,3,170005,1,0,1,0,0,1,0,0,1,0,0,1,0,0
111,111,3,180005,1,0,1,0,0,1,0,0,1,0,0,1,0,0
112,112,3,140000,1,0,1,0,0,1,0,0,1,0,0,1,0,0
113,113,3,150010,1,0,1,0,0,1,0,0,1,0,0,1,0,0
114,114,3,150020,1,0,1,0,0,1,0,0,1,0,0,1,0,0
115,115,3,150030,1,0,1,0,0,1,0,0,1,0,0,1,0,0
116,116,3,150040,1,0,1,0,0,1,0,0,1,0,0,1,0,0
117,117,3,190000,1,0,1,0,0,1,0,0,1,0,0,1,0,0
118,118,3,200000,1,0,1,0,0,1,0,0,1,0,0,1,0,0
119,119,3,210000,1,0,1,0,0,1,0,0,1,0,0,1,0,0
120,120,1,110000130,1,0,1,0,0,1,0,0,2,0,0,2,0,0
121,121,3,110060,1,0,1,0,0,1,0,0,1,0,0,1,0,0
122,122,3,110070,1,0,1,0,0,1,0,0,1,0,0,1,0,0
123,123,3,110080,1,0,1,0,0,1,0,0,1,0,0,1,0,0
124,124,3,110090,1,0,1,0,0,1,0,0,1,0,0,1,0,0
125,125,3,110100,1,0,1,0,0,1,0,0,1,0,0,1,0,0
126,126,3,110110,1,0,1,0,0,1,0,0,1,0,0,1,0,0
127,127,3,110120,1,0,1,0,0,1,0,0,1,0,0,1,0,0
128,128,3,110130,1,0,1,0,0,1,0,0,1,0,0,1,0,0
129,129,3,110140,1,0,1,0,0,1,0,0,1,0,0,1,0,0
130,130,3,110150,1,0,1,0,0,1,0,0,1,0,0,1,0,0
131,131,3,110160,1,0,1,0,0,1,0,0,1,0,0,1,0,0
132,132,3,110170,1,0,1,0,0,1,0,0,1,0,0,1,0,0
133,133,3,110180,1,0,1,0,0,1,0,0,1,0,0,1,0,0
134,134,1,109000240,1,0,1,0,0,1,0,0,2,0,0,2,0,0
135,135,1,108000160,1,0,1,0,0,1,0,0,2,0,0,2,0,0
136,136,1,110000150,1,0,1,0,0,1,0,0,2,0,0,2,0,0
137,137,1,118000100,1,0,1,0,0,1,0,0,2,0,0,2,0,0
138,138,1,101000190,1,0,1,0,0,1,0,0,2,0,0,2,0,0
139,139,1,101000300,1,0,1,0,0,1,0,0,2,0,0,2,0,0
140,140,1,102000360,1,0,1,0,0,1,0,0,2,0,0,2,0,0
141,141,1,103000310,1,0,1,0,0,1,0,0,2,0,0,2,0,0
142,142,1,104000370,1,0,1,0,0,1,0,0,2,0,0,2,0,0
143,143,1,109000290,1,0,1,0,0,1,0,0,2,0,0,2,0,0
144,144,8,211000060,1,0,1,0,0,1,0,0,1,0,0,1,0,0
145,145,8,299000610,1,0,1,0,0,1,0,0,1,0,0,1,0,0
146,146,8,299000620,1,0,1,0,0,1,0,0,1,0,0,1,0,0
147,147,8,299000630,1,0,1,0,0,1,0,0,1,0,0,1,0,0
148,148,8,299000640,1,0,1,0,0,1,0,0,1,0,0,1,0,0
149,149,8,299000650,1,0,1,0,0,1,0,0,1,0,0,1,0,0
150,150,1,111000080,1,0,1,0,0,1,0,0,2,0,0,2,0,0
151,151,1,112000080,1,0,1,0,0,1,0,0,2,0,0,2,0,0
152,152,3,170004,1,0,1,0,0,1,0,0,1,0,0,1,0,0
153,153,3,180004,1,0,1,0,0,1,0,0,1,0,0,1,0,0
154,154,3,170001,1,0,1,0,0,1,0,0,1,0,0,1,0,0
155,155,3,180001,1,0,1,0,0,1,0,0,1,0,0,1,0,0
156,156,3,170005,1,0,1,0,0,1,0,0,1,0,0,1,0,0
157,157,3,180005,1,0,1,0,0,1,0,0,1,0,0,1,0,0
158,158,3,140000,1,0,1,0,0,1,0,0,1,0,0,1,0,0
159,159,3,150010,1,0,1,0,0,1,0,0,1,0,0,1,0,0
160,160,3,150020,1,0,1,0,0,1,0,0,1,0,0,1,0,0
161,161,3,150030,1,0,1,0,0,1,0,0,1,0,0,1,0,0
162,162,3,150040,1,0,1,0,0,1,0,0,1,0,0,1,0,0
163,163,3,190000,1,0,1,0,0,1,0,0,1,0,0,1,0,0
164,164,3,200000,1,0,1,0,0,1,0,0,1,0,0,1,0,0
165,165,3,210000,1,0,1,0,0,1,0,0,1,0,0,1,0,0
166,166,1,105000160,1,0,1,0,0,1,0,0,2,0,0,2,0,0
167,167,1,110000190,1,0,1,0,0,1,0,0,2,0,0,2,0,0
168,168,1,102000210,1,0,1,0,0,1,0,0,2,0,0,2,0,0
169,169,1,106000270,1,0,1,0,0,1,0,0,2,0,0,2,0,0
170,170,1,112000090,1,0,1,0,0,1,0,0,2,0,0,2,0,0
171,171,1,111000220,1,0,1,0,0,1,0,0,2,0,0,2,0,0
172,172,1,106000180,1,0,1,0,0,1,0,0,2,0,0,2,0,0
173,173,1,112000140,1,0,1,0,0,1,0,0,2,0,0,2,0,0
174,174,1,104000230,1,0,1,0,0,1,0,0,2,0,0,2,0,0
175,175,1,108000170,1,0,1,0,0,1,0,0,2,0,0,2,0,0
176,176,1,103000230,1,0,1,0,0,1,0,0,2,0,0,2,0,0
177,177,1,105000280,1,0,1,0,0,1,0,0,2,0,0,2,0,0
178,178,1,111000160,1,0,1,0,0,1,0,0,2,0,0,2,0,0
179,179,1,103000360,1,0,1,0,0,1,0,0,2,0,0,2,0,0
180,180,1,109000240,1,0,1,0,0,1,0,0,2,0,0,2,0,0
181,181,1,101000380,1,0,1,0,0,1,0,0,2,0,0,2,0,0
182,182,1,107000150,1,0,1,0,0,1,0,0,2,0,0,2,0,0
183,183,1,109000370,1,0,1,0,0,1,0,0,2,0,0,2,0,0
184,184,1,108000160,1,0,1,0,0,1,0,0,2,0,0,2,0,0
185,185,1,118000170,1,0,1,0,0,1,0,0,2,0,0,2,0,0
186,186,1,110000190,1,0,1,0,0,1,0,0,2,0,0,2,0,0
187,187,1,102000500,1,0,1,0,0,1,0,0,2,0,0,2,0,0
188,188,1,118000100,1,0,1,0,0,1,0,0,2,0,0,2,0,0
189,189,1,104000470,1,0,1,0,0,1,0,0,2,0,0,2,0,0
190,190,1,106000270,1,0,1,0,0,1,0,0,2,0,0,2,0,0
191,191,1,107000180,1,0,1,0,0,1,0,0,2,0,0,2,0,0
192,192,1,112000140,1,0,1,0,0,1,0,0,2,0,0,2,0,0
193,193,1,111000170,1,0,1,0,0,1,0,0,2,0,0,2,0,0
194,194,1,101000190,1,0,1,0,0,1,0,0,2,0,0,2,0,0
195,195,1,111000220,1,0,1,0,0,1,0,0,2,0,0,2,0,0
196,196,1,104000330,1,0,1,0,0,1,0,0,2,0,0,2,0,0
197,197,1,110000150,1,0,1,0,0,1,0,0,2,0,0,2,0,0
198,198,1,108000170,1,0,1,0,0,1,0,0,2,0,0,2,0,0
199,199,1,112000130,1,0,1,0,0,1,0,0,2,0,0,2,0,0
200,200,1,102000210,1,0,1,0,0,1,0,0,2,0,0,2,0,0
201,201,1,105000280,1,0,1,0,0,1,0,0,2,0,0,2,0,0
202,202,1,106000240,1,0,1,0,0,1,0,0,2,0,0,2,0,0
203,203,1,105000160,1,0,1,0,0,1,0,0,2,0,0,2,0,0
204,204,1,101000380,1,0,1,0,0,1,0,0,2,0,0,2,0,0
205,205,1,103000300,1,0,1,0,0,1,0,0,2,0,0,2,0,0
206,206,1,106000180,1,0,1,0,0,1,0,0,2,0,0,2,0,0
207,207,1,103000360,1,0,1,0,0,1,0,0,2,0,0,2,0,0
208,208,1,102000340,1,0,1,0,0,1,0,0,2,0,0,2,0,0
5000,5000,1,101000130,1,70,102600,30,0,1,0,0,2,0,0,2,0,0
5001,5001,1,102000120,1,70,101700,0,0,1,0,0,2,0,0,2,0,0
5002,5002,1,105000120,1,70,100500,100,0,1,0,0,2,0,0,2,0,0
5003,5003,1,109000110,1,70,102600,30,0,1,0,0,2,0,0,2,0,0
5004,5004,1,118000070,1,70,102600,30,0,1,0,0,2,0,0,2,0,0
5005,5005,1,110000110,1,70,100500,100,0,1,0,0,2,0,0,2,0,0
10000,10000,1,101000080,1,70,100200,100,0,100300,100,0,100300,100,0,99999,0,0
10001,10001,1,102000080,1,70,100200,100,0,100300,100,0,100300,100,0,99999,0,0
10002,10002,1,103000080,1,70,100200,100,0,100300,100,0,100300,100,0,99999,0,0
10003,10003,1,104000260,1,70,100200,100,0,100300,100,0,100300,100,0,99999,0,0
10004,10004,1,105000080,1,70,100200,100,0,100300,100,0,100300,100,0,99999,0,0
10005,10005,1,106000080,1,70,100200,100,0,100300,100,0,100300,100,0,99999,0,0
10006,10006,1,107000080,1,70,100200,100,0,100300,100,0,100300,100,0,99999,0,0
10007,10007,1,108000080,1,70,100200,100,0,100300,100,0,100300,100,0,99999,0,0
10008,10008,1,109000080,1,70,100200,100,0,100300,100,0,100300,100,0,99999,0,0
10009,10009,1,110000080,1,70,100200,100,0,100300,100,0,100300,100,0,99999,0,0
10010,10010,1,111000030,1,70,100200,100,0,100300,100,0,100300,100,0,99999,0,0
10011,10011,1,112000030,1,70,100200,100,0,100300,100,0,100300,100,0,99999,0,0
10012,10012,1,118000040,1,70,100200,100,0,100300,100,0,100300,100,0,99999,0,0
10013,10013,2,101000002,1,0,202400,75,0,202400,75,0,2,0,0,99999,0,0
10014,10014,2,102000002,1,0,202600,50,0,202600,50,0,2,0,0,99999,0,0
10015,10015,2,101000004,1,0,200400,90,0,200400,90,0,2,0,0,2,0,0
10016,10016,2,102000004,1,0,1,0,0,1,0,0,2,0,0,2,0,0
10017,10017,2,103000004,1,0,204100,0,0,204800,5,0,2,0,0,2,0,0
10018,10018,2,105000004,1,0,202700,50,0,204700,1,0,2,0,0,2,0,0
10019,10019,2,107000004,1,0,205600,0,0,1,0,0,2,0,0,2,0,0
10020,10020,2,108000004,1,0,1,0,0,1,0,0,2,0,0,2,0,0
10021,10021,2,109000004,1,0,1,0,0,1,0,0,2,0,0,2,0,0
10022,10022,2,111000004,1,0,1,0,0,1,0,0,2,0,0,2,0,0
10023,10023,2,115000004,1,0,1,0,0,1,0,0,2,0,0,2,0,0
10024,10024,2,112000004,1,0,305000,100,0,1,0,0,2,0,0,2,0,0
10025,10025,3,110060,1,0,1,0,0,1,0,0,1,0,0,1,0,0
10026,10026,3,110070,1,0,1,0,0,1,0,0,1,0,0,1,0,0
10027,10027,3,110080,1,0,1,0,0,1,0,0,1,0,0,1,0,0
10028,10028,3,110090,1,0,1,0,0,1,0,0,1,0,0,1,0,0
10029,10029,3,110100,1,0,1,0,0,1,0,0,1,0,0,1,0,0
10030,10030,3,110110,1,0,1,0,0,1,0,0,1,0,0,1,0,0
10031,10031,3,110120,1,0,1,0,0,1,0,0,1,0,0,1,0,0
10032,10032,3,110130,1,0,1,0,0,1,0,0,1,0,0,1,0,0
10033,10033,3,110140,1,0,1,0,0,1,0,0,1,0,0,1,0,0
10034,10034,3,110150,1,0,1,0,0,1,0,0,1,0,0,1,0,0
10035,10035,3,110160,1,0,1,0,0,1,0,0,1,0,0,1,0,0
10036,10036,3,110170,1,0,1,0,0,1,0,0,1,0,0,1,0,0
10037,10037,3,110180,1,0,1,0,0,1,0,0,1,0,0,1,0,0
10038,10038,1,101000080,1,70,100200,100,0,100300,100,0,100300,100,0,99999,0,0
10039,10039,1,102000080,1,70,100200,100,0,100300,100,0,100300,100,0,99999,0,0
10040,10040,1,103000080,1,70,100200,100,0,100300,100,0,100300,100,0,99999,0,0
10041,10041,1,104000260,1,70,100200,100,0,100300,100,0,100300,100,0,99999,0,0
10042,10042,1,105000080,1,70,100200,100,0,100300,100,0,100300,100,0,99999,0,0
10043,10043,1,106000080,1,70,100200,100,0,100300,100,0,100300,100,0,99999,0,0
10044,10044,1,107000080,1,70,100200,100,0,100300,100,0,100300,100,0,99999,0,0
10045,10045,1,108000080,1,70,100200,100,0,100300,100,0,100300,100,0,99999,0,0
10046,10046,1,109000080,1,70,100200,100,0,100300,100,0,100300,100,0,99999,0,0
10047,10047,1,110000080,1,70,100200,100,0,100300,100,0,100300,100,0,99999,0,0
10048,10048,1,111000030,1,70,100200,100,0,100300,100,0,100300,100,0,99999,0,0
10049,10049,1,112000030,1,70,100200,100,0,100300,100,0,100300,100,0,99999,0,0
10050,10050,1,118000040,1,70,100200,100,0,100300,100,0,100300,100,0,99999,0,0
10051,10051,2,101000004,1,70,1,0,0,1,0,0,2,0,0,2,0,0
10052,10052,2,102000004,1,70,1,0,0,1,0,0,2,0,0,2,0,0
10053,10053,2,103000004,1,70,204100,0,0,204800,5,0,2,0,0,2,0,0
10054,10054,2,105000004,1,70,202700,50,0,204700,1,0,2,0,0,2,0,0
10055,10055,2,107000004,1,70,205600,0,0,1,0,0,2,0,0,2,0,0
10056,10056,2,108000004,1,70,1,0,0,1,0,0,2,0,0,2,0,0
10057,10057,2,109000004,1,70,1,0,0,1,0,0,2,0,0,2,0,0
10058,10058,2,111000004,1,70,1,0,0,1,0,0,2,0,0,2,0,0
10059,10059,2,115000004,1,70,1,0,0,1,0,0,2,0,0,2,0,0
10060,10060,2,112000004,1,70,305000,100,0,1,0,0,2,0,0,2,0,0
10061,10061,2,101000002,1,70,202400,75,0,202400,75,0,2,0,0,99999,0,0
10062,10062,2,102000002,1,70,202600,50,0,202600,50,0,2,0,0,99999,0,0
10063,10063,3,110060,1,0,1,0,0,1,0,0,1,0,0,1,0,0
10064,10064,3,110070,1,0,1,0,0,1,0,0,1,0,0,1,0,0
10065,10065,3,110080,1,0,1,0,0,1,0,0,1,0,0,1,0,0
10066,10066,3,110090,1,0,1,0,0,1,0,0,1,0,0,1,0,0
10067,10067,3,110100,1,0,1,0,0,1,0,0,1,0,0,1,0,0
10068,10068,3,110110,1,0,1,0,0,1,0,0,1,0,0,1,0,0
10069,10069,3,110120,1,0,1,0,0,1,0,0,1,0,0,1,0,0
10070,10070,3,110130,1,0,1,0,0,1,0,0,1,0,0,1,0,0
10071,10071,3,110140,1,0,1,0,0,1,0,0,1,0,0,1,0,0
10072,10072,3,110150,1,0,1,0,0,1,0,0,1,0,0,1,0,0
10073,10073,3,110160,1,0,1,0,0,1,0,0,1,0,0,1,0,0
10074,10074,3,110170,1,0,1,0,0,1,0,0,1,0,0,1,0,0
10075,10075,3,110180,1,0,1,0,0,1,0,0,1,0,0,1,0,0
10076,10076,3,120300,1,0,1,0,0,1,0,0,1,0,0,1,0,0
10077,10077,3,120310,1,0,1,0,0,1,0,0,1,0,0,1,0,0
10078,10078,3,120320,1,0,1,0,0,1,0,0,1,0,0,1,0,0
10079,10079,3,120330,1,0,1,0,0,1,0,0,1,0,0,1,0,0
10080,10080,3,120340,1,0,1,0,0,1,0,0,1,0,0,1,0,0
10081,10081,3,120350,1,0,1,0,0,1,0,0,1,0,0,1,0,0
10082,10082,3,120360,1,0,1,0,0,1,0,0,1,0,0,1,0,0
10083,10083,3,120370,1,0,1,0,0,1,0,0,1,0,0,1,0,0
10084,10084,3,120380,1,0,1,0,0,1,0,0,1,0,0,1,0,0
10085,10085,3,120390,1,0,1,0,0,1,0,0,1,0,0,1,0,0
15000,15000,1,101000190,1,1,1,0,0,1,0,0,2,0,0,2,0,0
15001,15001,1,101000380,1,1,1,0,0,1,0,0,2,0,0,2,0,0
15002,15002,1,102000210,1,1,1,0,0,1,0,0,2,0,0,2,0,0
15003,15003,1,102000500,1,1,1,0,0,1,0,0,2,0,0,2,0,0
15004,15004,1,103000230,1,1,1,0,0,1,0,0,2,0,0,2,0,0
15005,15005,1,103000360,1,1,1,0,0,1,0,0,2,0,0,2,0,0
15006,15006,1,104000230,1,1,1,0,0,1,0,0,2,0,0,2,0,0
15007,15007,1,104000470,1,1,1,0,0,1,0,0,2,0,0,2,0,0
15008,15008,1,105000160,1,1,1,0,0,1,0,0,2,0,0,2,0,0
15009,15009,1,105000280,1,1,1,0,0,1,0,0,2,0,0,2,0,0
15010,15010,1,106000180,1,1,1,0,0,1,0,0,2,0,0,2,0,0
15011,15011,1,106000270,1,1,1,0,0,1,0,0,2,0,0,2,0,0
15012,15012,1,107000150,1,1,1,0,0,1,0,0,2,0,0,2,0,0
15013,15013,1,107000180,1,1,1,0,0,1,0,0,2,0,0,2,0,0
15014,15014,1,108000160,1,1,1,0,0,1,0,0,2,0,0,2,0,0
15015,15015,1,108000170,1,1,1,0,0,1,0,0,2,0,0,2,0,0
15016,15016,1,109000240,1,1,1,0,0,1,0,0,2,0,0,2,0,0
15017,15017,1,109000370,1,1,1,0,0,1,0,0,2,0,0,2,0,0
15018,15018,1,110000150,1,1,1,0,0,1,0,0,2,0,0,2,0,0
15019,15019,1,110000190,1,1,1,0,0,1,0,0,2,0,0,2,0,0
15020,15020,1,111000160,1,1,1,0,0,1,0,0,2,0,0,2,0,0
15021,15021,1,111000220,1,1,1,0,0,1,0,0,2,0,0,2,0,0
15022,15022,1,112000090,1,1,1,0,0,1,0,0,2,0,0,2,0,0
15023,15023,1,112000140,1,1,1,0,0,1,0,0,2,0,0,2,0,0
15024,15024,1,118000100,1,1,1,0,0,1,0,0,2,0,0,2,0,0
15025,15025,1,118000170,1,1,1,0,0,1,0,0,2,0,0,2,0,0
15026,15026,1,101000340,1,1,1,0,0,1,0,0,2,0,0,2,0,0
15027,15027,1,102000340,1,1,1,0,0,1,0,0,2,0,0,2,0,0
15028,15028,1,102000550,1,1,1,0,0,1,0,0,2,0,0,2,0,0
15029,15029,1,103000300,1,1,1,0,0,1,0,0,2,0,0,2,0,0
15030,15030,1,103000420,1,1,1,0,0,1,0,0,2,0,0,2,0,0
15031,15031,1,104000330,1,1,1,0,0,1,0,0,2,0,0,2,0,0
15032,15032,1,104000430,1,1,1,0,0,1,0,0,2,0,0,2,0,0
15033,15033,1,105000250,1,1,1,0,0,1,0,0,2,0,0,2,0,0
15034,15034,1,105000390,1,1,1,0,0,1,0,0,2,0,0,2,0,0
15035,15035,1,106000240,1,1,1,0,0,1,0,0,2,0,0,2,0,0
15036,15036,1,106000330,1,1,1,0,0,1,0,0,2,0,0,2,0,0
15037,15037,1,109000310,1,1,1,0,0,1,0,0,2,0,0,2,0,0
15038,15038,1,110000220,1,1,1,0,0,1,0,0,2,0,0,2,0,0
15039,15039,1,111000170,1,1,1,0,0,1,0,0,2,0,0,2,0,0
15040,15040,1,112000130,1,1,1,0,0,1,0,0,2,0,0,2,0,0
15041,15041,1,118000130,1,1,1,0,0,1,0,0,2,0,0,2,0,0
15042,15042,1,118000210,1,1,1,0,0,1,0,0,2,0,0,2,0,0
15043,15043,2,101000004,1,70,1,0,0,1,0,0,2,0,0,2,0,0
15044,15044,2,102000004,1,70,1,0,0,1,0,0,2,0,0,2,0,0
15045,15045,2,103000004,1,70,204100,0,0,204800,5,0,2,0,0,2,0,0
15046,15046,2,105000004,1,70,202700,50,0,204700,1,0,2,0,0,2,0,0
15047,15047,2,107000004,1,70,205600,0,0,1,0,0,2,0,0,2,0,0
15048,15048,2,108000004,1,70,1,0,0,1,0,0,2,0,0,2,0,0
15049,15049,2,109000004,1,70,1,0,0,1,0,0,2,0,0,2,0,0
15050,15050,2,111000004,1,70,1,0,0,1,0,0,2,0,0,2,0,0
15051,15051,2,115000004,1,70,1,0,0,1,0,0,2,0,0,2,0,0
15052,15052,2,112000004,1,70,305000,100,0,1,0,0,2,0,0,2,0,0
15053,15053,3,140000,1,0,1,0,0,1,0,0,1,0,0,1,0,0
15054,15054,3,150010,1,0,1,0,0,1,0,0,1,0,0,1,0,0
15055,15055,3,150020,1,0,1,0,0,1,0,0,1,0,0,1,0,0
15056,15056,3,150030,1,0,1,0,0,1,0,0,1,0,0,1,0,0
15057,15057,3,150040,1,0,1,0,0,1,0,0,1,0,0,1,0,0
15058,15058,3,170007,1,0,1,0,0,1,0,0,1,0,0,1,0,0
15059,15059,3,180007,1,0,1,0,0,1,0,0,1,0,0,1,0,0
15060,15060,3,190000,1,0,1,0,0,1,0,0,1,0,0,1,0,0
15061,15061,3,200000,1,0,1,0,0,1,0,0,1,0,0,1,0,0
15062,15062,3,210000,1,0,1,0,0,1,0,0,1,0,0,1,0,0
15063,15063,3,220002,1,0,1,0,0,1,0,0,1,0,0,1,0,0
15064,15064,3,170005,1,0,1,0,0,1,0,0,1,0,0,1,0,0
202901,202901,1,101000310,1,0,1,0,0,1,0,0,2,0,0,2,0,0
202902,202902,1,102000410,1,0,1,0,0,1,0,0,2,0,0,2,0,0
202903,202903,8,201000120,1,0,1,0,0,1,0,0,1,0,0,1,0,0
202904,202904,8,202000240,1,0,1,0,0,1,0,0,1,0,0,1,0,0
202905,202905,8,211000080,1,0,1,0,0,1,0,0,1,0,0,1,0,0
202906,202906,8,299000730,1,0,1,0,0,1,0,0,1,0,0,1,0,0
202907,202907,8,299000740,1,0,1,0,0,1,0,0,1,0,0,1,0,0
202908,202908,8,299000750,1,0,1,0,0,1,0,0,1,0,0,1,0,0
202909,202909,8,299000760,1,0,1,0,0,1,0,0,1,0,0,1,0,0
202910,202910,8,299000770,1,0,1,0,0,1,0,0,1,0,0,1,0,0
202911,202911,1,104000220,1,0,1,0,0,1,0,0,2,0,0,2,0,0
202912,202912,8,299000410,1,0,1,0,0,1,0,0,1,0,0,1,0,0
202913,202913,3,170004,1,0,1,0,0,1,0,0,1,0,0,1,0,0
202914,202914,3,180004,1,0,1,0,0,1,0,0,1,0,0,1,0,0
202915,202915,3,170001,1,0,1,0,0,1,0,0,1,0,0,1,0,0
202916,202916,3,180001,1,0,1,0,0,1,0,0,1,0,0,1,0,0
202917,202917,3,170005,1,0,1,0,0,1,0,0,1,0,0,1,0,0
202918,202918,3,180005,1,0,1,0,0,1,0,0,1,0,0,1,0,0
202919,202919,3,140000,1,0,1,0,0,1,0,0,1,0,0,1,0,0
202920,202920,3,150010,1,0,1,0,0,1,0,0,1,0,0,1,0,0
202921,202921,3,150020,1,0,1,0,0,1,0,0,1,0,0,1,0,0
202922,202922,3,150030,1,0,1,0,0,1,0,0,1,0,0,1,0,0
202923,202923,3,150040,1,0,1,0,0,1,0,0,1,0,0,1,0,0
202924,202924,3,190000,1,0,1,0,0,1,0,0,1,0,0,1,0,0
202925,202925,3,200000,1,0,1,0,0,1,0,0,1,0,0,1,0,0
202926,202926,3,210000,1,0,1,0,0,1,0,0,1,0,0,1,0,0
203001,203001,8,204000210,1,0,1,0,0,1,0,0,1,0,0,1,0,0
203002,203002,8,205000150,1,0,1,0,0,1,0,0,1,0,0,1,0,0
203003,203003,8,299000800,1,0,1,0,0,1,0,0,1,0,0,1,0,0
203004,203004,8,299000810,1,0,1,0,0,1,0,0,1,0,0,1,0,0
203005,203005,8,299000820,1,0,1,0,0,1,0,0,1,0,0,1,0,0
203006,203006,8,201000130,1,0,1,0,0,1,0,0,1,0,0,1,0,0
203007,203007,8,299000830,1,0,1,0,0,1,0,0,1,0,0,1,0,0
203008,203008,8,202000270,1,0,1,0,0,1,0,0,1,0,0,1,0,0
203009,203009,8,206000190,1,0,1,0,0,1,0,0,1,0,0,1,0,0
203010,203010,8,220000060,1,0,1,0,0,1,0,0,1,0,0,1,0,0
203011,203011,1,109000220,1,1,1,0,0,1,0,0,2,0,0,2,0,0
203012,203012,1,101000250,1,1,1,0,0,1,0,0,2,0,0,2,0,0
203013,203013,1,102000260,1,1,1,0,0,1,0,0,2,0,0,2,0,0
203014,203014,1,103000220,1,1,1,0,0,1,0,0,2,0,0,2,0,0
203015,203015,1,104000250,1,1,1,0,0,1,0,0,2,0,0,2,0,0
203016,203016,1,105000210,1,1,1,0,0,1,0,0,2,0,0,2,0,0
203017,203017,1,106000210,1,1,1,0,0,1,0,0,2,0,0,2,0,0
203018,203018,1,107000140,1,1,1,0,0,1,0,0,2,0,0,2,0,0
203019,203019,1,108000150,1,1,1,0,0,1,0,0,2,0,0,2,0,0
203020,203020,1,109000230,1,1,1,0,0,1,0,0,2,0,0,2,0,0
203021,203021,1,110000170,1,1,1,0,0,1,0,0,2,0,0,2,0,0
203022,203022,1,111000140,1,1,1,0,0,1,0,0,2,0,0,2,0,0
203023,203023,1,112000110,1,1,1,0,0,1,0,0,2,0,0,2,0,0
203024,203024,1,118000140,1,1,1,0,0,1,0,0,2,0,0,2,0,0
203025,203025,3,170004,1,0,1,0,0,1,0,0,1,0,0,1,0,0
203026,203026,3,180004,1,0,1,0,0,1,0,0,1,0,0,1,0,0
203027,203027,3,170001,1,0,1,0,0,1,0,0,1,0,0,1,0,0
203028,203028,3,180001,1,0,1,0,0,1,0,0,1,0,0,1,0,0
203029,203029,3,170005,1,0,1,0,0,1,0,0,1,0,0,1,0,0
203030,203030,3,180005,1,0,1,0,0,1,0,0,1,0,0,1,0,0
203031,203031,3,140000,1,0,1,0,0,1,0,0,1,0,0,1,0,0
203032,203032,3,150010,1,0,1,0,0,1,0,0,1,0,0,1,0,0
203033,203033,3,150020,1,0,1,0,0,1,0,0,1,0,0,1,0,0
203034,203034,3,150030,1,0,1,0,0,1,0,0,1,0,0,1,0,0
203035,203035,3,150040,1,0,1,0,0,1,0,0,1,0,0,1,0,0
203036,203036,3,190000,1,0,1,0,0,1,0,0,1,0,0,1,0,0
203037,203037,3,200000,1,0,1,0,0,1,0,0,1,0,0,1,0,0
203038,203038,3,210000,1,0,1,0,0,1,0,0,1,0,0,1,0,0
203201,203201,8,206000200,1,0,1,0,0,1,0,0,1,0,0,1,0,0
203202,203202,8,211000090,1,0,1,0,0,1,0,0,1,0,0,1,0,0
203203,203203,8,299000840,1,0,1,0,0,1,0,0,1,0,0,1,0,0
203204,203204,8,299000850,1,0,1,0,0,1,0,0,1,0,0,1,0,0
203205,203205,8,299000860,1,0,1,0,0,1,0,0,1,0,0,1,0,0
203206,203206,8,202000280,1,0,1,0,0,1,0,0,1,0,0,1,0,0
203207,203207,8,204000220,1,0,1,0,0,1,0,0,1,0,0,1,0,0
203208,203208,8,201000140,1,0,1,0,0,1,0,0,1,0,0,1,0,0
203209,203209,8,203000230,1,0,1,0,0,1,0,0,1,0,0,1,0,0
203210,203210,8,205000160,1,0,1,0,0,1,0,0,1,0,0,1,0,0
203211,203211,1,102000280,1,1,1,0,0,1,0,0,2,0,0,2,0,0
203213,203213,3,170001,1,0,1,0,0,1,0,0,1,0,0,1,0,0
203214,203214,3,170004,1,0,1,0,0,1,0,0,1,0,0,1,0,0
203215,203215,3,170005,1,0,1,0,0,1,0,0,1,0,0,1,0,0
203216,203216,3,180001,1,0,1,0,0,1,0,0,1,0,0,1,0,0
203217,203217,3,180004,1,0,1,0,0,1,0,0,1,0,0,1,0,0
203218,203218,3,180005,1,0,1,0,0,1,0,0,1,0,0,1,0,0
203219,203219,3,140000,1,0,1,0,0,1,0,0,1,0,0,1,0,0
203220,203220,3,150010,1,0,1,0,0,1,0,0,1,0,0,1,0,0
203221,203221,3,150020,1,0,1,0,0,1,0,0,1,0,0,1,0,0
203222,203222,3,150030,1,0,1,0,0,1,0,0,1,0,0,1,0,0
203223,203223,3,150040,1,0,1,0,0,1,0,0,1,0,0,1,0,0
203224,203224,3,190000,1,0,1,0,0,1,0,0,1,0,0,1,0,0
203225,203225,3,200000,1,0,1,0,0,1,0,0,1,0,0,1,0,0
203226,203226,3,210000,1,0,1,0,0,1,0,0,1,0,0,1,0,0
203301,203301,8,202000290,1,0,1,0,0,1,0,0,1,0,0,1,0,0
203302,203302,8,203000240,1,0,1,0,0,1,0,0,1,0,0,1,0,0
203303,203303,8,299000870,1,0,1,0,0,1,0,0,1,0,0,1,0,0
203304,203304,8,299000880,1,0,1,0,0,1,0,0,1,0,0,1,0,0
203305,203305,8,299000890,1,0,1,0,0,1,0,0,1,0,0,1,0,0
203306,203306,8,212000060,1,0,1,0,0,1,0,0,1,0,0,1,0,0
203307,203307,8,201000150,1,0,1,0,0,1,0,0,1,0,0,1,0,0
203308,203308,8,204000230,1,0,1,0,0,1,0,0,1,0,0,1,0,0
203309,203309,8,209000200,1,0,1,0,0,1,0,0,1,0,0,1,0,0
203310,203310,8,299000900,1,0,1,0,0,1,0,0,1,0,0,1,0,0
203312,203312,8,291000040,1,0,1,0,0,1,0,0,1,0,0,1,0,0
203313,203313,3,170001,1,0,1,0,0,1,0,0,1,0,0,1,0,0
203314,203314,3,170004,1,0,1,0,0,1,0,0,1,0,0,1,0,0
203315,203315,3,170005,1,0,1,0,0,1,0,0,1,0,0,1,0,0
203316,203316,3,180001,1,0,1,0,0,1,0,0,1,0,0,1,0,0
203317,203317,3,180004,1,0,1,0,0,1,0,0,1,0,0,1,0,0
203318,203318,3,180005,1,0,1,0,0,1,0,0,1,0,0,1,0,0
203319,203319,3,140000,1,0,1,0,0,1,0,0,1,0,0,1,0,0
203320,203320,3,150010,1,0,1,0,0,1,0,0,1,0,0,1,0,0
203321,203321,3,150020,1,0,1,0,0,1,0,0,1,0,0,1,0,0
203322,203322,3,150030,1,0,1,0,0,1,0,0,1,0,0,1,0,0
203323,203323,3,150040,1,0,1,0,0,1,0,0,1,0,0,1,0,0
203324,203324,3,190000,1,0,1,0,0,1,0,0,1,0,0,1,0,0
203325,203325,3,200000,1,0,1,0,0,1,0,0,1,0,0,1,0,0
203326,203326,3,210000,1,0,1,0,0,1,0,0,1,0,0,1,0,0
203501,203501,8,299000920,1,0,1,0,0,1,0,0,1,0,0,1,0,0
203502,203502,8,299000930,1,0,1,0,0,1,0,0,1,0,0,1,0,0
203503,203503,8,299000940,1,0,1,0,0,1,0,0,1,0,0,1,0,0
203504,203504,8,299000950,1,0,1,0,0,1,0,0,1,0,0,1,0,0
203505,203505,8,299000960,1,0,1,0,0,1,0,0,1,0,0,1,0,0
203506,203506,8,206000200,1,0,1,0,0,1,0,0,1,0,0,1,0,0
203507,203507,8,211000090,1,0,1,0,0,1,0,0,1,0,0,1,0,0
203508,203508,8,299000840,1,0,1,0,0,1,0,0,1,0,0,1,0,0
203509,203509,8,299000850,1,0,1,0,0,1,0,0,1,0,0,1,0,0
203510,203510,8,299000860,1,0,1,0,0,1,0,0,1,0,0,1,0,0
203511,203511,8,202000280,1,0,1,0,0,1,0,0,1,0,0,1,0,0
203512,203512,8,204000220,1,0,1,0,0,1,0,0,1,0,0,1,0,0
203513,203513,8,201000140,1,0,1,0,0,1,0,0,1,0,0,1,0,0
203514,203514,8,203000230,1,0,1,0,0,1,0,0,1,0,0,1,0,0
203515,203515,8,205000160,1,0,1,0,0,1,0,0,1,0,0,1,0,0
203516,203516,1,101000270,1,1,1,0,0,1,0,0,2,0,0,2,0,0
203517,203517,1,111000240,1,1,1,0,0,1,0,0,2,0,0,2,0,0
203518,203518,1,102000280,1,1,1,0,0,1,0,0,2,0,0,2,0,0
203519,203519,3,170001,1,0,1,0,0,1,0,0,1,0,0,1,0,0
203520,203520,3,170004,1,0,1,0,0,1,0,0,1,0,0,1,0,0
203521,203521,3,170005,1,0,1,0,0,1,0,0,1,0,0,1,0,0
203522,203522,3,180001,1,0,1,0,0,1,0,0,1,0,0,1,0,0
203523,203523,3,180004,1,0,1,0,0,1,0,0,1,0,0,1,0,0
203524,203524,3,180005,1,0,1,0,0,1,0,0,1,0,0,1,0,0
203525,203525,3,140000,1,0,1,0,0,1,0,0,1,0,0,1,0,0
203526,203526,3,150010,1,0,1,0,0,1,0,0,1,0,0,1,0,0
203527,203527,3,150020,1,0,1,0,0,1,0,0,1,0,0,1,0,0
203528,203528,3,150030,1,0,1,0,0,1,0,0,1,0,0,1,0,0
203529,203529,3,150040,1,0,1,0,0,1,0,0,1,0,0,1,0,0
203530,203530,3,190000,1,0,1,0,0,1,0,0,1,0,0,1,0,0
203531,203531,3,200000,1,0,1,0,0,1,0,0,1,0,0,1,0,0
203532,203532,3,210000,1,0,1,0,0,1,0,0,1,0,0,1,0,0
203601,203601,8,202000340,1,0,1,0,0,1,0,0,1,0,0,1,0,0
203602,203602,8,205000190,1,0,1,0,0,1,0,0,1,0,0,1,0,0
203603,203603,8,208000040,1,0,1,0,0,1,0,0,1,0,0,1,0,0
203604,203604,8,211000110,1,0,1,0,0,1,0,0,1,0,0,1,0,0
203605,203605,8,220000070,1,0,1,0,0,1,0,0,1,0,0,1,0,0
203606,203606,8,203000280,1,0,1,0,0,1,0,0,1,0,0,1,0,0
203607,203607,8,202000350,1,0,1,0,0,1,0,0,1,0,0,1,0,0
203608,203608,8,205000200,1,0,1,0,0,1,0,0,1,0,0,1,0,0
203609,203609,8,299001050,1,0,1,0,0,1,0,0,1,0,0,1,0,0
203610,203610,8,299001060,1,0,1,0,0,1,0,0,1,0,0,1,0,0
203611,203611,1,103000270,1,1,1,0,0,1,0,0,2,0,0,2,0,0
203612,203612,1,104000420,1,1,1,0,0,1,0,0,2,0,0,2,0,0
203613,203613,8,291000040,1,0,1,0,0,1,0,0,1,0,0,1,0,0
203614,203614,8,201000090,1,0,1,0,0,1,0,0,1,0,0,1,0,0
203615,203615,8,299000440,1,0,1,0,0,1,0,0,1,0,0,1,0,0
203616,203616,8,299000450,1,0,1,0,0,1,0,0,1,0,0,1,0,0
203617,203617,8,299000460,1,0,1,0,0,1,0,0,1,0,0,1,0,0
203618,203618,8,299000470,1,0,1,0,0,1,0,0,1,0,0,1,0,0
203619,203619,8,299000480,1,0,1,0,0,1,0,0,1,0,0,1,0,0
203620,203620,8,202000290,1,0,1,0,0,1,0,0,1,0,0,1,0,0
203621,203621,8,203000240,1,0,1,0,0,1,0,0,1,0,0,1,0,0
203622,203622,8,299000870,1,0,1,0,0,1,0,0,1,0,0,1,0,0
203623,203623,8,299000880,1,0,1,0,0,1,0,0,1,0,0,1,0,0
203624,203624,8,299000890,1,0,1,0,0,1,0,0,1,0,0,1,0,0
203625,203625,8,212000060,1,0,1,0,0,1,0,0,1,0,0,1,0,0
203626,203626,8,201000150,1,0,1,0,0,1,0,0,1,0,0,1,0,0
203627,203627,8,204000230,1,0,1,0,0,1,0,0,1,0,0,1,0,0
203628,203628,8,209000200,1,0,1,0,0,1,0,0,1,0,0,1,0,0
203629,203629,8,299000900,1,0,1,0,0,1,0,0,1,0,0,1,0,0
203630,203630,3,170001,1,0,1,0,0,1,0,0,1,0,0,1,0,0
203631,203631,3,170004,1,0,1,0,0,1,0,0,1,0,0,1,0,0
203632,203632,3,170005,1,0,1,0,0,1,0,0,1,0,0,1,0,0
203633,203633,3,180001,1,0,1,0,0,1,0,0,1,0,0,1,0,0
203634,203634,3,180004,1,0,1,0,0,1,0,0,1,0,0,1,0,0
203635,203635,3,180005,1,0,1,0,0,1,0,0,1,0,0,1,0,0
203636,203636,3,140000,1,0,1,0,0,1,0,0,1,0,0,1,0,0
203637,203637,3,150010,1,0,1,0,0,1,0,0,1,0,0,1,0,0
203638,203638,3,150020,1,0,1,0,0,1,0,0,1,0,0,1,0,0
203639,203639,3,150030,1,0,1,0,0,1,0,0,1,0,0,1,0,0
203640,203640,3,150040,1,0,1,0,0,1,0,0,1,0,0,1,0,0
203641,203641,3,190000,1,0,1,0,0,1,0,0,1,0,0,1,0,0
203642,203642,3,200000,1,0,1,0,0,1,0,0,1,0,0,1,0,0
203643,203643,3,210000,1,0,1,0,0,1,0,0,1,0,0,1,0,0
203701,203701,3,170100,1,0,1,0,0,1,0,0,1,0,0,1,0,0
203702,203702,3,170101,1,0,1,0,0,1,0,0,1,0,0,1,0,0
203703,203703,3,170102,1,0,1,0,0,1,0,0,1,0,0,1,0,0
203704,203704,3,170103,1,0,1,0,0,1,0,0,1,0,0,1,0,0
203705,203705,3,170104,1,0,1,0,0,1,0,0,1,0,0,1,0,0
203706,203706,8,203000300,1,0,1,0,0,1,0,0,1,0,0,1,0,0
203707,203707,8,204000320,1,0,1,0,0,1,0,0,1,0,0,1,0,0
203708,203708,8,217000080,1,0,1,0,0,1,0,0,1,0,0,1,0,0
203709,203709,8,218000090,1,0,1,0,0,1,0,0,1,0,0,1,0,0
203710,203710,8,299001070,1,0,1,0,0,1,0,0,1,0,0,1,0,0
203711,203711,8,299001080,1,0,1,0,0,1,0,0,1,0,0,1,0,0
203712,203712,8,298000130,1,0,1,0,0,1,0,0,1,0,0,1,0,0
203713,203713,8,215000120,1,0,1,0,0,1,0,0,1,0,0,1,0,0
203714,203714,1,106000260,1,1,1,0,0,1,0,0,2,0,0,2,0,0
203715,203715,8,202000160,1,0,1,0,0,1,0,0,1,0,0,1,0,0
203716,203716,8,203000150,1,0,1,0,0,1,0,0,1,0,0,1,0,0
203717,203717,8,204000110,1,0,1,0,0,1,0,0,1,0,0,1,0,0
203718,203718,8,205000110,1,0,1,0,0,1,0,0,1,0,0,1,0,0
203719,203719,8,206000120,1,0,1,0,0,1,0,0,1,0,0,1,0,0
203720,203720,8,212000050,1,0,1,0,0,1,0,0,1,0,0,1,0,0
203721,203721,3,170001,1,0,1,0,0,1,0,0,1,0,0,1,0,0
203722,203722,3,170004,1,0,1,0,0,1,0,0,1,0,0,1,0,0
203723,203723,3,170005,1,0,1,0,0,1,0,0,1,0,0,1,0,0
203724,203724,3,180001,1,0,1,0,0,1,0,0,1,0,0,1,0,0
203725,203725,3,180004,1,0,1,0,0,1,0,0,1,0,0,1,0,0
203726,203726,3,180005,1,0,1,0,0,1,0,0,1,0,0,1,0,0
203727,203727,3,140000,1,0,1,0,0,1,0,0,1,0,0,1,0,0
203728,203728,3,150010,1,0,1,0,0,1,0,0,1,0,0,1,0,0
203729,203729,3,150020,1,0,1,0,0,1,0,0,1,0,0,1,0,0
203730,203730,3,150030,1,0,1,0,0,1,0,0,1,0,0,1,0,0
203731,203731,3,150040,1,0,1,0,0,1,0,0,1,0,0,1,0,0
203732,203732,3,190000,1,0,1,0,0,1,0,0,1,0,0,1,0,0
203733,203733,3,200000,1,0,1,0,0,1,0,0,1,0,0,1,0,0
203734,203734,3,210000,1,0,1,0,0,1,0,0,1,0,0,1,0,0
203801,203801,8,202000380,1,0,1,0,0,1,0,0,1,0,0,1,0,0
203802,203802,8,205000230,1,0,1,0,0,1,0,0,1,0,0,1,0,0
203803,203803,8,206000250,1,0,1,0,0,1,0,0,1,0,0,1,0,0
203804,203804,8,210000030,1,0,1,0,0,1,0,0,1,0,0,1,0,0
203805,203805,8,299001090,1,0,1,0,0,1,0,0,1,0,0,1,0,0
203806,203806,8,220000090,1,0,1,0,0,1,0,0,1,0,0,1,0,0
203807,203807,8,299001100,1,0,1,0,0,1,0,0,1,0,0,1,0,0
203808,203808,8,299001110,1,0,1,0,0,1,0,0,1,0,0,1,0,0
203809,203809,1,105000240,1,1,1,0,0,1,0,0,2,0,0,2,0,0
203810,203810,8,299000550,1,0,1,0,0,1,0,0,1,0,0,1,0,0
203811,203811,8,299000560,1,0,1,0,0,1,0,0,1,0,0,1,0,0
203812,203812,8,299000570,1,0,1,0,0,1,0,0,1,0,0,1,0,0
203813,203813,8,299000580,1,0,1,0,0,1,0,0,1,0,0,1,0,0
203814,203814,8,299000590,1,0,1,0,0,1,0,0,1,0,0,1,0,0
203815,203815,8,299000600,1,0,1,0,0,1,0,0,1,0,0,1,0,0
203816,203816,3,170001,1,0,1,0,0,1,0,0,1,0,0,1,0,0
203817,203817,3,170004,1,0,1,0,0,1,0,0,1,0,0,1,0,0
203818,203818,3,170005,1,0,1,0,0,1,0,0,1,0,0,1,0,0
203819,203819,3,180001,1,0,1,0,0,1,0,0,1,0,0,1,0,0
203820,203820,3,180004,1,0,1,0,0,1,0,0,1,0,0,1,0,0
203821,203821,3,180005,1,0,1,0,0,1,0,0,1,0,0,1,0,0
203822,203822,3,140000,1,0,1,0,0,1,0,0,1,0,0,1,0,0
203823,203823,3,150010,1,0,1,0,0,1,0,0,1,0,0,1,0,0
203824,203824,3,150020,1,0,1,0,0,1,0,0,1,0,0,1,0,0
203825,203825,3,150030,1,0,1,0,0,1,0,0,1,0,0,1,0,0
203826,203826,3,150040,1,0,1,0,0,1,0,0,1,0,0,1,0,0
203827,203827,3,190000,1,0,1,0,0,1,0,0,1,0,0,1,0,0
203828,203828,3,200000,1,0,1,0,0,1,0,0,1,0,0,1,0,0
203829,203829,3,210000,1,0,1,0,0,1,0,0,1,0,0,1,0,0
204001,204001,8,202000420,1,0,1,0,0,1,0,0,1,0,0,1,0,0
204002,204002,8,203000340,1,0,1,0,0,1,0,0,1,0,0,1,0,0
204003,204003,8,204000360,1,0,1,0,0,1,0,0,1,0,0,1,0,0
204004,204004,8,211000140,1,0,1,0,0,1,0,0,1,0,0,1,0,0
204005,204005,8,212000090,1,0,1,0,0,1,0,0,1,0,0,1,0,0
204006,204006,1,101000300,1,1,1,0,0,1,0,0,2,0,0,2,0,0
204007,204007,1,102000360,1,1,1,0,0,1,0,0,2,0,0,2,0,0
204008,204008,1,103000310,1,1,1,0,0,1,0,0,2,0,0,2,0,0
204009,204009,1,104000370,1,1,1,0,0,1,0,0,2,0,0,2,0,0
204010,204010,1,109000290,1,1,1,0,0,1,0,0,2,0,0,2,0,0
204011,204011,1,109000130,1,1,1,0,0,1,0,0,2,0,0,2,0,0
204012,204012,1,110000130,1,1,1,0,0,1,0,0,2,0,0,2,0,0
204013,204013,1,111000080,1,1,1,0,0,1,0,0,2,0,0,2,0,0
204014,204014,1,112000080,1,1,1,0,0,1,0,0,2,0,0,2,0,0
204015,204015,1,104000220,1,1,1,0,0,1,0,0,2,0,0,2,0,0
204016,204016,1,109000300,1,1,1,0,0,1,0,0,2,0,0,2,0,0
204017,204017,8,211000060,1,0,1,0,0,1,0,0,1,0,0,1,0,0
204018,204018,8,299000610,1,0,1,0,0,1,0,0,1,0,0,1,0,0
204019,204019,8,299000620,1,0,1,0,0,1,0,0,1,0,0,1,0,0
204020,204020,8,299000630,1,0,1,0,0,1,0,0,1,0,0,1,0,0
204021,204021,8,299000640,1,0,1,0,0,1,0,0,1,0,0,1,0,0
204022,204022,8,299000650,1,0,1,0,0,1,0,0,1,0,0,1,0,0
204023,204023,8,299000410,1,0,1,0,0,1,0,0,1,0,0,1,0,0
204024,204024,8,299000660,1,0,1,0,0,1,0,0,1,0,0,1,0,0
204025,204025,8,215000050,1,0,1,0,0,1,0,0,1,0,0,1,0,0
204026,204026,8,216000060,1,0,1,0,0,1,0,0,1,0,0,1,0,0
204027,204027,8,218000030,1,0,1,0,0,1,0,0,1,0,0,1,0,0
204028,204028,8,217000020,1,0,1,0,0,1,0,0,1,0,0,1,0,0
204029,204029,8,299000500,1,0,1,0,0,1,0,0,1,0,0,1,0,0
204030,204030,8,299000510,1,0,1,0,0,1,0,0,1,0,0,1,0,0
204031,204031,8,299000520,1,0,1,0,0,1,0,0,1,0,0,1,0,0
204032,204032,8,299000530,1,0,1,0,0,1,0,0,1,0,0,1,0,0
204033,204033,8,299000540,1,0,1,0,0,1,0,0,1,0,0,1,0,0
204034,204034,3,170001,1,0,1,0,0,1,0,0,1,0,0,1,0,0
204035,204035,3,170004,1,0,1,0,0,1,0,0,1,0,0,1,0,0
204036,204036,3,170005,1,0,1,0,0,1,0,0,1,0,0,1,0,0
204037,204037,3,180001,1,0,1,0,0,1,0,0,1,0,0,1,0,0
204038,204038,3,180004,1,0,1,0,0,1,0,0,1,0,0,1,0,0
204039,204039,3,180005,1,0,1,0,0,1,0,0,1,0,0,1,0,0
204040,204040,3,140000,1,0,1,0,0,1,0,0,1,0,0,1,0,0
204041,204041,3,150010,1,0,1,0,0,1,0,0,1,0,0,1,0,0
204042,204042,3,150020,1,0,1,0,0,1,0,0,1,0,0,1,0,0
204043,204043,3,150030,1,0,1,0,0,1,0,0,1,0,0,1,0,0
204044,204044,3,150040,1,0,1,0,0,1,0,0,1,0,0,1,0,0
204045,204045,3,120241,1,0,1,0,0,1,0,0,1,0,0,1,0,0
204046,204046,3,120251,1,0,1,0,0,1,0,0,1,0,0,1,0,0
204047,204047,3,120261,1,0,1,0,0,1,0,0,1,0,0,1,0,0
204048,204048,3,120271,1,0,1,0,0,1,0,0,1,0,0,1,0,0
204049,204049,3,120730,1,0,1,0,0,1,0,0,1,0,0,1,0,0
204050,204050,3,190000,1,0,1,0,0,1,0,0,1,0,0,1,0,0
204051,204051,3,200000,1,0,1,0,0,1,0,0,1,0,0,1,0,0
204052,204052,3,210000,1,0,1,0,0,1,0,0,1,0,0,1,0,0
204101,204101,8,209000280,1,0,1,0,0,1,0,0,1,0,0,1,0,0
204102,204102,8,211000120,1,0,1,0,0,1,0,0,1,0,0,1,0,0
204103,204103,8,212000070,1,0,1,0,0,1,0,0,1,0,0,1,0,0
204104,204104,8,215000130,1,0,1,0,0,1,0,0,1,0,0,1,0,0
204105,204105,8,216000130,1,0,1,0,0,1,0,0,1,0,0,1,0,0
204106,204106,8,299001130,1,0,1,0,0,1,0,0,1,0,0,1,0,0
204107,204107,8,299001140,1,0,1,0,0,1,0,0,1,0,0,1,0,0
204108,204108,8,299001150,1,0,1,0,0,1,0,0,1,0,0,1,0,0
204109,204109,1,102000430,1,1,1,0,0,1,0,0,2,0,0,2,0,0
204110,204110,1,109000220,1,1,1,0,0,1,0,0,2,0,0,2,0,0
204111,204111,1,101000310,1,1,1,0,0,1,0,0,2,0,0,2,0,0
204112,204112,1,102000410,1,1,1,0,0,1,0,0,2,0,0,2,0,0
204113,204113,1,101000250,1,1,1,0,0,1,0,0,2,0,0,2,0,0
204114,204114,1,102000260,1,1,1,0,0,1,0,0,2,0,0,2,0,0
204115,204115,1,103000220,1,1,1,0,0,1,0,0,2,0,0,2,0,0
204116,204116,1,104000250,1,1,1,0,0,1,0,0,2,0,0,2,0,0
204117,204117,1,105000210,1,1,1,0,0,1,0,0,2,0,0,2,0,0
204118,204118,1,106000210,1,1,1,0,0,1,0,0,2,0,0,2,0,0
204119,204119,1,107000140,1,1,1,0,0,1,0,0,2,0,0,2,0,0
204120,204120,1,108000150,1,1,1,0,0,1,0,0,2,0,0,2,0,0
204121,204121,1,109000230,1,1,1,0,0,1,0,0,2,0,0,2,0,0
204122,204122,1,110000170,1,1,1,0,0,1,0,0,2,0,0,2,0,0
204123,204123,1,111000140,1,1,1,0,0,1,0,0,2,0,0,2,0,0
204124,204124,1,112000110,1,1,1,0,0,1,0,0,2,0,0,2,0,0
204125,204125,1,118000140,1,1,1,0,0,1,0,0,2,0,0,2,0,0
204126,204126,8,201000120,1,0,1,0,0,1,0,0,1,0,0,1,0,0
204127,204127,8,202000240,1,0,1,0,0,1,0,0,1,0,0,1,0,0
204128,204128,8,211000080,1,0,1,0,0,1,0,0,1,0,0,1,0,0
204129,204129,8,299000730,1,0,1,0,0,1,0,0,1,0,0,1,0,0
204130,204130,8,299000740,1,0,1,0,0,1,0,0,1,0,0,1,0,0
204131,204131,8,299000750,1,0,1,0,0,1,0,0,1,0,0,1,0,0
204132,204132,8,299000760,1,0,1,0,0,1,0,0,1,0,0,1,0,0
204133,204133,8,299000770,1,0,1,0,0,1,0,0,1,0,0,1,0,0
204134,204134,3,170001,1,0,1,0,0,1,0,0,1,0,0,1,0,0
204135,204135,3,170004,1,0,1,0,0,1,0,0,1,0,0,1,0,0
204136,204136,3,170005,1,0,1,0,0,1,0,0,1,0,0,1,0,0
204137,204137,3,180001,1,0,1,0,0,1,0,0,1,0,0,1,0,0
204138,204138,3,180004,1,0,1,0,0,1,0,0,1,0,0,1,0,0
204139,204139,3,180005,1,0,1,0,0,1,0,0,1,0,0,1,0,0
204140,204140,3,140000,1,0,1,0,0,1,0,0,1,0,0,1,0,0
204141,204141,3,150010,1,0,1,0,0,1,0,0,1,0,0,1,0,0
204142,204142,3,150020,1,0,1,0,0,1,0,0,1,0,0,1,0,0
204143,204143,3,150030,1,0,1,0,0,1,0,0,1,0,0,1,0,0
204144,204144,3,150040,1,0,1,0,0,1,0,0,1,0,0,1,0,0
204145,204145,3,190000,1,0,1,0,0,1,0,0,1,0,0,1,0,0
204146,204146,3,200000,1,0,1,0,0,1,0,0,1,0,0,1,0,0
204147,204147,3,210000,1,0,1,0,0,1,0,0,1,0,0,1,0,0
204201,204201,1,101000430,1,1,1,0,0,1,0,0,2,0,0,2,0,0
204202,204202,1,102000580,1,1,1,0,0,1,0,0,2,0,0,2,0,0
204203,204203,1,103000480,1,1,1,0,0,1,0,0,2,0,0,2,0,0
204204,204204,1,104000520,1,1,1,0,0,1,0,0,2,0,0,2,0,0
204205,204205,1,109000430,1,1,1,0,0,1,0,0,2,0,0,2,0,0
204206,204206,1,111000350,1,1,1,0,0,1,0,0,2,0,0,2,0,0
204207,204207,8,205000240,1,0,1,0,0,1,0,0,1,0,0,1,0,0
204208,204208,8,206000260,1,0,1,0,0,1,0,0,1,0,0,1,0,0
204209,204209,8,215000140,1,0,1,0,0,1,0,0,1,0,0,1,0,0
204210,204210,8,216000140,1,0,1,0,0,1,0,0,1,0,0,1,0,0
204211,204211,8,217000090,1,0,1,0,0,1,0,0,1,0,0,1,0,0
204212,204212,8,218000100,1,0,1,0,0,1,0,0,1,0,0,1,0,0
204213,204213,8,299001120,1,0,1,0,0,1,0,0,1,0,0,1,0,0
204214,204214,1,102000280,1,1,1,0,0,1,0,0,2,0,0,2,0,0
204215,204215,8,291000040,1,0,1,0,0,1,0,0,1,0,0,1,0,0
204216,204216,8,204000210,1,0,1,0,0,1,0,0,1,0,0,1,0,0
204217,204217,8,205000150,1,0,1,0,0,1,0,0,1,0,0,1,0,0
204218,204218,8,299000800,1,0,1,0,0,1,0,0,1,0,0,1,0,0
204219,204219,8,299000810,1,0,1,0,0,1,0,0,1,0,0,1,0,0
204220,204220,8,299000820,1,0,1,0,0,1,0,0,1,0,0,1,0,0
204221,204221,8,201000130,1,0,1,0,0,1,0,0,1,0,0,1,0,0
204222,204222,8,299000830,1,0,1,0,0,1,0,0,1,0,0,1,0,0
204223,204223,8,202000270,1,0,1,0,0,1,0,0,1,0,0,1,0,0
204224,204224,8,206000190,1,0,1,0,0,1,0,0,1,0,0,1,0,0
204225,204225,8,220000060,1,0,1,0,0,1,0,0,1,0,0,1,0,0
204226,204226,3,170001,1,0,1,0,0,1,0,0,1,0,0,1,0,0
204227,204227,3,170004,1,0,1,0,0,1,0,0,1,0,0,1,0,0
204228,204228,3,170005,1,0,1,0,0,1,0,0,1,0,0,1,0,0
204229,204229,3,180001,1,0,1,0,0,1,0,0,1,0,0,1,0,0
204230,204230,3,180004,1,0,1,0,0,1,0,0,1,0,0,1,0,0
204231,204231,3,180005,1,0,1,0,0,1,0,0,1,0,0,1,0,0
204232,204232,3,140000,1,0,1,0,0,1,0,0,1,0,0,1,0,0
204233,204233,3,150010,1,0,1,0,0,1,0,0,1,0,0,1,0,0
204234,204234,3,150020,1,0,1,0,0,1,0,0,1,0,0,1,0,0
204235,204235,3,150030,1,0,1,0,0,1,0,0,1,0,0,1,0,0
204236,204236,3,150040,1,0,1,0,0,1,0,0,1,0,0,1,0,0
204237,204237,3,190000,1,0,1,0,0,1,0,0,1,0,0,1,0,0
204238,204238,3,200000,1,0,1,0,0,1,0,0,1,0,0,1,0,0
204239,204239,3,210000,1,0,1,0,0,1,0,0,1,0,0,1,0,0
204301,204301,8,202000390,1,0,1,0,0,1,0,0,1,0,0,1,0,0
204302,204302,8,203000310,1,0,1,0,0,1,0,0,1,0,0,1,0,0
204303,204303,8,204000330,1,0,1,0,0,1,0,0,1,0,0,1,0,0
204304,204304,8,209000290,1,0,1,0,0,1,0,0,1,0,0,1,0,0
204305,204305,8,210000040,1,0,1,0,0,1,0,0,1,0,0,1,0,0
204306,204306,8,211000130,1,0,1,0,0,1,0,0,1,0,0,1,0,0
204307,204307,8,212000080,1,0,1,0,0,1,0,0,1,0,0,1,0,0
204308,204308,1,101000270,1,1,1,0,0,1,0,0,2,0,0,2,0,0
204309,204309,1,104000420,1,1,1,0,0,1,0,0,2,0,0,2,0,0
204310,204310,8,206000200,1,0,1,0,0,1,0,0,1,0,0,1,0,0
204311,204311,8,211000090,1,0,1,0,0,1,0,0,1,0,0,1,0,0
204312,204312,8,299000840,1,0,1,0,0,1,0,0,1,0,0,1,0,0
204313,204313,8,299000850,1,0,1,0,0,1,0,0,1,0,0,1,0,0
204314,204314,8,299000860,1,0,1,0,0,1,0,0,1,0,0,1,0,0
204315,204315,8,202000280,1,0,1,0,0,1,0,0,1,0,0,1,0,0
204316,204316,8,204000220,1,0,1,0,0,1,0,0,1,0,0,1,0,0
204317,204317,8,201000140,1,0,1,0,0,1,0,0,1,0,0,1,0,0
204318,204318,8,203000230,1,0,1,0,0,1,0,0,1,0,0,1,0,0
204319,204319,8,205000160,1,0,1,0,0,1,0,0,1,0,0,1,0,0
204320,204320,3,170001,1,0,1,0,0,1,0,0,1,0,0,1,0,0
204321,204321,3,170004,1,0,1,0,0,1,0,0,1,0,0,1,0,0
204322,204322,3,170005,1,0,1,0,0,1,0,0,1,0,0,1,0,0
204323,204323,3,180001,1,0,1,0,0,1,0,0,1,0,0,1,0,0
204324,204324,3,180004,1,0,1,0,0,1,0,0,1,0,0,1,0,0
204325,204325,3,180005,1,0,1,0,0,1,0,0,1,0,0,1,0,0
204326,204326,3,140000,1,0,1,0,0,1,0,0,1,0,0,1,0,0
204327,204327,3,150010,1,0,1,0,0,1,0,0,1,0,0,1,0,0
204328,204328,3,150020,1,0,1,0,0,1,0,0,1,0,0,1,0,0
204329,204329,3,150030,1,0,1,0,0,1,0,0,1,0,0,1,0,0
204330,204330,3,150040,1,0,1,0,0,1,0,0,1,0,0,1,0,0
204331,204331,3,190000,1,0,1,0,0,1,0,0,1,0,0,1,0,0
204332,204332,3,200000,1,0,1,0,0,1,0,0,1,0,0,1,0,0
204333,204333,3,210000,1,0,1,0,0,1,0,0,1,0,0,1,0,0
