Cs1000,0,10000,1443233520,4096483201,1,ev000,1,
Cs1001,0,10000,1443233520,4096483201,1,ev001,1,
Cs1002,0,10000,1443233520,4096483201,1,ev002,1,
Cs1003,0,10000,1443233520,4096483201,1,ev003,1,
Cs1004,0,10000,1443233520,4096483201,1,ev004,1,
Cs1005,0,10000,1443233520,4096483201,1,ev005,1,
Cs1006,0,10000,1443233520,4096483201,1,ev006,1,
Cs1007,0,10000,1443233520,4096483201,1,ev007,1,
Cs1008,0,10000,1443233520,4096483201,1,ev008,1,
Cs1009,0,10000,1443233520,4096483201,1,ev009,1,
Cs1010,0,10000,1443233520,4096483201,1,ev010,1,
Cs1011,0,10000,1443233520,4096483201,1,ev011,1,
Cs1012,0,10000,1443233520,4096483201,1,ev012,1,
Cs1013,0,10000,1443233520,4096483201,1,ev013,1,
Cs1014,0,10000,1443233520,4096483201,1,ev014,1,
Cs1015,0,10000,1443233520,4096483201,1,ev015,1,
Cs1016,0,10000,1443233520,4096483201,1,ev016,1,
Cs1017,0,10000,1443233520,4096483201,1,ev017,1,
Cs1018,0,10000,1443233520,4096483201,1,ev018,1,
Cs1019,0,10000,1443233520,4096483201,1,ev019,1,
Cs1020,0,10000,1443233520,4096483201,1,ev020,1,
Cs1021,0,10000,1443233520,4096483201,1,ev021,1,
Cs1022,0,10000,1443233520,4096483201,1,ev022,1,
Cs1023,0,10000,1443233520,4096483201,1,ev023,1,
Cs1024,0,10000,1443233520,4096483201,1,ev024,1,
Cs1025,0,10000,1443233520,4096483201,1,ev025,1,
Cs1026,0,10000,1443233520,4096483201,1,ev026,1,
Cs1027,0,10000,1443233520,4096483201,1,ev027,1,
Cs1028,0,10000,1443233520,4096483201,1,ev028,1,
Cs1029,0,10000,1443233520,4096483201,1,ev029,1,
Cs1030,0,10000,1443233520,4096483201,1,ev030,1,
Cs1031,0,10000,1443233520,4096483201,1,ev031,1,
Cs1032,0,10000,1443233520,4096483201,1,ev032,1,
Cs1033,0,10000,1443233520,4096483201,1,ev033,1,
Cs1034,0,10000,1443233520,4096483201,1,ev034,1,
Cs1035,0,10000,1443233520,4096483201,1,ev035,1,
Cs1036,0,10000,1443233520,4096483201,1,ev036,1,
Cs1037,0,10000,1443233520,4096483201,1,ev037,1,
Cs1038,0,10000,1443233520,4096483201,1,ev038,1,
