tutori2,10000,100000,10,10,10,10,10,0,0,0,0,0,0,100000,
tutori3,10000,100000,10,10,10,10,10,0,0,0,0,0,0,100000,
tutori4,10000,10100000,10,10,10,10,10,0,0,0,0,0,0,100000,
tutori6,10050,10100000,10,10,10,10,10,0,0,0,0,0,0,100000,
tutori8,10000,800000,30,150,350,0,0,1,1,1,0,0,0,100000,
sateli,10000,800000,280,490,770,820,170,1,1,1,1,1,0,100300,
nature,10000,40802000,140,240,530,750,50,1,1,1,1,1,3,100301,
purple,10000,800000,220,540,640,730,140,1,1,1,1,1,0,100307,
hearts,10000,800000,180,380,680,770,80,1,1,1,1,1,0,100308,
phasea,10000,800000,160,380,650,750,90,1,1,1,1,1,0,100310,
planet,10000,802000,170,360,490,710,100,1,1,1,1,1,1,100311,
firefo,10000,800000,130,360,570,830,70,1,1,1,1,1,0,100314,
kounen,10000,808000,210,400,660,780,100,1,1,1,1,1,3,100315,
essenc,10000,800000,250,500,700,760,110,1,1,1,1,1,0,100316,
summer,10000,800000,230,570,790,890,130,1,1,1,1,1,0,100317,
tanosi,10000,802000,250,450,700,800,160,1,1,1,1,1,7,100319,
picora,10000,802000,150,380,660,750,80,1,1,1,1,1,1,100320,
devils,10000,800000,270,400,800,0,150,1,1,1,0,1,0,100323,
techno,10000,802000,160,380,510,740,90,1,1,1,1,1,1,100328,
glowww,10000,40802000,170,280,420,600,80,1,1,1,1,1,7,100335,
powerr,10000,800000,190,380,690,790,120,1,1,1,1,1,0,100336,
amater,10000,800000,210,480,650,790,130,1,1,1,1,1,0,100340,
advers,10000,802000,150,480,710,830,90,1,1,1,1,1,1,100349,
venera,10000,800000,150,430,680,750,80,1,1,1,1,1,0,100353,
dazaii,10000,803000,210,430,730,770,120,1,1,1,1,1,3,100357,
thesig,10000,802000,210,380,560,730,100,1,1,1,1,1,3,100365,
hosita,10000,802000,160,360,480,650,100,1,1,1,1,1,9999,100344,
bluede,10000,802000,220,410,580,700,120,1,1,1,1,1,5,100372,
emerao,10000,802000,300,530,850,0,190,1,1,1,0,1,1,100373,
megaro,10000,800000,550,800,930,980,0,1,1,1,1,1,0,100129,
angeli,10000,800000,330,560,820,900,220,1,1,1,1,1,0,100330,
moonli,10000,803000,140,430,610,730,80,1,1,1,1,1,9999,100342,
yumemi,10000,802000,120,350,590,690,60,1,1,1,1,1,9999,100369,
pinkym,10000,800000,240,440,740,810,160,1,1,1,1,1,0,100348,
dynami2,10000,804000,180,510,780,800,80,1,1,1,1,1,0,100370,
reseed3,10000,800000,200,550,760,800,100,1,1,1,1,1,0,100306,
toucho,10000,802000,90,280,440,650,50,1,1,1,1,1,1,100002,
ameoto,10000,802000,120,260,470,630,60,1,1,1,1,1,1,100003,
kimito,10000,800000,100,260,490,660,70,1,1,1,1,1,1,100004,
giantk,10000,808000,250,530,710,780,110,1,1,1,1,1,3,100021,
breakd,10000,803000,230,340,570,740,110,1,1,1,1,1,2,100015,
dazzlj,10000,802000,350,600,800,900,160,1,1,1,1,1,1,100028,
ididid,10000,802000,290,460,720,810,160,1,1,1,1,1,1,100093,
sundro,10000,808000,240,470,750,830,140,1,1,1,1,1,3,100042,
auflcb,10000,800000,130,430,810,0,80,1,1,1,0,1,0,100063,
dennou,10000,801000,290,600,760,870,150,1,1,1,1,1,1,100045,
hokoro,10000,801000,290,570,710,810,140,1,1,1,1,1,1,100068,
landin,10000,802000,260,330,490,670,130,1,1,1,1,1,1,100005,
tomorr,10003,803000,150,240,440,620,80,1,1,1,1,1,7,100362,
daybyd,10003,803000,130,260,380,590,60,1,1,1,1,1,7,100363,
syoujo,10003,802000,190,350,530,780,80,1,1,1,1,1,1,100309,
destru,10003,800000,190,410,620,720,100,1,1,1,1,1,0,100352,
gingat,10005,800000,130,290,460,610,50,1,1,1,1,1,0,100041,
daisak,10005,800000,280,360,600,750,120,1,1,1,1,1,0,100066,
paradi,10005,801000,160,280,530,640,100,1,1,1,1,1,3,100376,
pigooo,10005,800000,190,340,590,840,130,1,1,1,1,1,6,100377,
season,10006,1607000,150,280,440,650,80,1,1,1,1,1,1,100386,
canonn,10006,1607000,170,280,500,830,70,1,1,1,1,1,1,100387,
rhapso,10006,1607000,180,340,620,740,60,1,1,1,1,1,1,100388,
turkis,10006,1607000,190,390,640,840,110,1,1,1,1,1,1,100389,
biohaz,10006,1609000,150,300,510,640,60,1,1,1,1,1,9999,100390,
monhan,10006,1609000,100,260,360,540,50,1,1,1,1,1,9999,100391,
gyakut2,10006,1609000,130,350,430,560,50,1,1,1,1,1,9999,100392,
street,10006,1609000,130,340,470,660,70,1,1,1,1,1,9999,100393,
rockma2,10006,1609000,210,340,490,760,140,1,1,1,1,1,9999,100394,
auflcb3,10007,802000,160,360,660,860,60,1,1,1,1,1,9999,100374,
irohaa,10008,800000,190,410,550,760,120,1,1,1,1,1,0,100325,
ibelie,10008,800000,270,470,780,820,140,1,1,1,1,1,0,100326,
monhan2,10014,1609000,120,240,430,680,60,1,1,1,1,1,9999,100409,
monhan3,10014,1609000,180,280,450,730,80,1,1,1,1,1,9999,100410,
yejiii,10019,800000,220,360,630,790,100,1,1,1,1,1,0,100418,
histor,10019,800000,200,360,560,820,110,1,1,1,1,1,0,100419,
chaset,10019,803000,150,310,580,760,80,1,1,1,1,1,9999,100338,
metall,10021,803000,160,280,570,770,80,1,1,1,1,1,1,100412,
letmeg,10021,802000,180,320,500,720,120,1,1,1,1,1,1,100327,
hontno,10022,801000,120,260,530,660,90,1,1,1,1,1,1,100010,
azitat,10022,800000,240,550,700,830,140,1,1,1,1,1,0,100024,
hellom,10022,801000,180,370,580,720,70,1,1,1,1,1,1,100360,
laught,10022,801000,200,350,510,710,70,1,1,1,1,1,1,100337,
bluede2,10024,801000,160,360,560,810,90,1,1,1,1,1,1,100426,
street2,10025,1609000,210,370,550,730,140,1,1,1,1,1,9999,100423,
street3,10025,1609000,240,380,570,740,130,1,1,1,1,1,9999,100424,
street4,10025,1609000,170,320,510,780,110,1,1,1,1,1,9999,100425,
silbur,10026,801000,200,350,540,750,90,1,1,1,1,1,1,100421,
spicaa,10026,801000,230,360,560,780,100,1,1,1,1,1,1,100422,
tricko,10050,800000,230,340,560,750,110,1,1,1,1,1,0,100438,
thisis,10050,800000,230,370,600,740,120,1,1,1,1,1,4,100435,
rising,10050,800000,230,380,660,850,140,1,1,1,1,1,4,100436,
orbita,10050,803000,200,380,620,740,120,1,1,1,1,1,5,100411,
dddddd,10050,800000,130,330,530,690,90,1,1,1,1,1,5,100433,
pyroma,10050,800000,220,420,700,840,80,1,1,1,1,1,4,100427,
touchn,10050,804000,270,460,680,860,150,1,1,1,1,1,8,100312,
onlyll,10050,802000,210,320,560,690,130,1,1,1,1,1,9999,100359,
upside,10050,802000,180,270,480,670,80,1,1,1,1,1,1,100313,
istanb,10050,806000,410,490,900,980,230,1,1,1,1,1,3,100322,
memori,10050,803000,260,380,650,840,130,1,1,1,1,1,9999,100371,
straye,10050,800000,250,360,610,730,140,1,1,1,1,1,4,100350,
rearhy,10050,802000,170,320,520,690,70,1,1,1,1,1,9999,100358,
hereco,10050,801000,160,340,510,680,110,1,1,1,1,1,4,100432,
thesun,10050,800000,250,400,720,870,130,1,1,1,1,1,4,100441,
sayona,10050,803000,200,340,530,710,100,1,1,1,1,1,9999,100343,
flameu,10050,801000,180,360,570,650,100,1,1,1,1,1,1,100380,
raidon,10050,801000,300,380,580,870,130,1,1,1,1,1,1,100434,
riseup,10050,800000,180,410,670,770,70,1,1,1,1,1,4,100437,
sunglo,10050,801000,180,390,590,720,100,1,1,1,1,1,7,100431,
kinbos,10050,800000,220,380,640,770,120,1,1,1,1,1,3,100439,
densho,10050,800000,280,420,740,900,170,1,1,1,1,1,5,100430,
aiohoo,10050,101000,180,290,420,660,100,1,1,1,1,1,1,100471,
entert,10050,1607000,150,330,540,870,90,1,1,1,1,1,6,100472,
takeit,10050,800000,200,380,650,830,120,1,1,1,1,1,4,100457,
harmon,10050,801000,200,360,490,650,120,1,1,1,1,1,7,100449,
avemar,10050,1607000,160,310,530,750,80,1,1,1,1,1,5,100428,
mateki,10050,1607000,180,350,540,790,100,1,1,1,1,1,5,100429,
lovech,10050,801000,160,300,460,680,80,1,1,1,1,1,7,100445,
akaihe,10051,101000,210,320,500,690,80,1,1,1,1,1,1,100473,
juicys,10051,101000,180,260,450,830,100,1,1,1,1,1,7,100474,
codena,10055,801000,180,350,480,680,90,1,1,1,1,1,1,100468,
groove,10055,1601000,220,400,520,730,100,1,1,1,1,1,103,100475,
kansho,10056,801000,130,270,550,740,70,1,1,1,1,1,9999,100450,
overcl2,10057,809000,230,420,580,740,120,1,1,1,1,1,3,100486,
taikoo,10058,1609000,130,390,500,750,60,1,1,1,1,1,104,100483,
groove2,10058,1601000,150,400,580,850,90,1,1,1,1,1,9999,100480,
overcl,10059,809000,120,350,570,860,80,1,1,1,1,1,4,100487,
notoss,10061,800000,120,420,650,910,80,1,1,1,1,1,4,100466,
machup,10061,801000,170,320,410,710,90,1,1,1,1,1,6,100447,
groove3,10062,2009000,180,340,640,850,100,1,1,1,1,1,105,100488,
groove4,10062,2009000,220,350,500,750,120,1,1,1,1,1,106,100489,
everyt,10063,801000,220,300,740,0,130,1,1,1,0,1,5,100482,
lespri,10063,800000,250,570,800,0,130,1,1,1,0,1,5,100465,
groove5,10064,1609000,240,370,670,0,140,1,1,1,0,1,0,100491,
honeyo,10064,802000,320,630,880,930,240,1,1,1,1,1,6,100490,
groove6,10065,1609000,300,640,790,0,220,1,1,1,0,1,3,100494,
sunglo2,10065,801000,210,360,670,810,110,1,1,1,1,1,6,100495,
fourte,10066,800000,240,500,740,800,140,1,1,1,1,1,5,100498,
monhan4,10066,1609000,120,400,510,620,50,1,1,1,1,1,9999,100496,
monhan5,10066,1609000,120,350,420,650,100,1,1,1,1,1,9999,100497,
darkpa,10068,800000,260,390,700,840,160,1,1,1,1,1,3,100504,
hervor,10068,800000,280,390,730,810,180,1,1,1,1,1,5,100505,
cirnon,10069,409000,240,400,600,790,170,1,1,1,1,1,9999,100499,
marisa,10069,409000,250,410,620,850,180,1,1,1,1,1,9999,100500,
yakini,10069,409000,250,340,580,820,130,1,1,1,1,1,9999,100501,
justic,10069,409000,190,360,570,830,140,1,1,1,1,1,1,100502,
sintyo,10069,409000,250,460,700,830,160,1,1,1,1,1,6,100503,
ascand,10069,800000,320,540,800,900,180,1,1,1,1,1,0,100347,
blackl,10069,800000,190,410,730,840,120,1,1,1,1,1,3,100506,
childr,10069,800000,240,390,560,620,140,1,1,1,1,1,0,100043,
tsukai,10069,802000,190,440,720,760,130,1,1,1,1,1,1,100044,
rideon,10069,802000,290,410,600,800,160,1,1,1,1,1,1,100067,
minest,10070,800000,210,390,620,760,130,1,1,1,1,1,1,100507,
ordine,10070,800000,250,430,730,820,190,1,1,1,1,1,3,100508,
dreamw,10072,800000,260,370,620,750,160,1,1,1,1,1,0,100509,
minerv,10072,800000,320,610,900,0,250,1,1,1,0,1,4,100510,
wannab,10073,800000,90,230,400,650,50,1,1,1,1,1,3,100001,
sekain,10073,800000,260,390,690,780,160,1,1,1,1,1,1,100511,
farawa,10074,800000,230,360,600,760,180,1,1,1,1,1,7,100512,
crissc,10076,800000,370,630,860,910,170,1,1,1,1,1,4,100100,
speedy,10076,800000,220,550,770,0,110,1,1,1,0,1,8,100324,
xxxrev,10076,800000,210,340,560,730,150,1,1,1,1,1,0,100513,
higame,10076,800000,200,300,580,710,130,1,1,1,1,1,3,100016,
theepi,10076,800000,190,400,610,750,140,1,1,1,1,1,3,100022,
anomie,10076,800000,220,380,610,770,150,1,1,1,1,1,0,100023,
crocus,10077,800000,260,370,600,720,150,1,1,1,1,1,7,100524,
lavien,10077,800000,270,410,710,800,180,1,1,1,1,1,5,100546,
megaro2,10100,800000,0,0,990,1000,0,0,0,1,1,0,4,100361,
chipnn,10077,800000,270,340,610,790,160,1,1,1,1,1,6,100541,
yiyoyi,10080,800000,140,330,560,700,70,1,1,1,1,1,3,100007,
binary,10080,800000,170,350,640,890,140,1,1,1,1,1,1,100014,
makaim,10078,2400000,300,500,770,0,230,1,1,1,0,1,3,100054,
gyakut,10078,2400000,150,210,460,640,60,1,1,1,1,1,1,100055,
basara,10078,2400000,190,370,640,730,140,1,1,1,1,1,0,100056,
daybre,10080,201000,160,320,530,720,90,1,1,1,1,1,0,100514,
umiyur,10080,201000,140,280,460,640,80,1,1,1,1,1,1,100515,
chalur,10080,201000,180,400,600,720,140,1,1,1,1,1,9999,100516,
melanc,10080,201000,150,300,500,630,100,1,1,1,1,1,7,100517,
konofu,10080,201000,230,350,620,810,110,1,1,1,1,1,1,100518,
bladem,10078,800000,280,380,630,750,170,1,1,1,1,1,4,100526,
southw,10078,800000,180,270,570,680,120,1,1,1,1,1,7,100536,
ryuuse,10078,800000,210,320,590,0,130,1,1,1,0,1,1,100537,
redhea,10081,401000,270,390,590,720,100,1,1,1,1,1,0,100519,
warnin,10081,401000,250,360,610,740,120,1,1,1,1,1,9999,100520,
topsec,10081,401000,240,340,510,640,130,1,1,1,1,1,9999,100521,
dddoll,10081,401000,260,380,550,630,140,1,1,1,1,1,9999,100522,
tracee,10081,401000,190,310,490,650,90,1,1,1,1,1,0,100548,
drivin,10100,800000,230,400,660,760,80,1,1,1,1,1,7,100111,
genzit,10100,800000,180,460,730,820,120,1,1,1,1,1,0,100118,
aerial,10100,800000,110,280,560,710,50,1,1,1,1,1,1,100039,
einher,10100,800000,290,400,740,800,160,1,1,1,1,1,4,100532,
ariell,10100,800000,190,320,640,730,150,1,1,1,1,1,7,100540,
firstl,10100,800000,250,360,650,770,170,1,1,1,1,1,1,100542,
heartl,10100,800000,230,300,640,0,110,1,1,1,0,1,1,100550,
erasee,10100,800000,220,350,580,680,120,1,1,1,1,1,0,100551,
regene,10100,800000,200,300,560,700,130,1,1,1,1,1,0,100530,
allelu,10100,800000,280,350,640,750,160,1,1,1,1,1,9999,100549,
lighto,10100,800000,250,330,600,740,120,1,1,1,1,1,1,100543,
termin,10100,800000,240,340,630,790,130,1,1,1,1,1,7,100552,
ryuuse2,10101,800000,200,360,620,750,130,1,1,1,1,1,1,100556,
prizmm,10102,800000,210,300,540,0,120,1,1,1,0,1,1,100547,
samalv,10102,800000,190,390,580,770,130,1,1,1,1,1,6,100098,
palpit,10102,800000,290,550,840,920,180,1,1,1,1,1,8,100544,
gainen,10102,801000,260,370,630,0,150,1,1,1,0,1,9999,100558,
moonsh,10102,800000,230,360,620,0,100,1,1,1,0,1,3,100525,
moonki,10102,800000,250,390,640,0,130,1,1,1,0,1,1,100559,
moonri,10102,800000,210,380,580,850,140,1,1,1,1,1,0,100560,
goaway,10103,800000,230,450,590,700,100,1,1,1,1,1,0,100561,
itback,10103,800000,230,380,710,0,120,1,1,1,0,1,3,100567,
redhhh,10103,800000,240,390,770,0,130,1,1,1,0,1,4,100569,
actual,10103,800000,250,380,800,0,140,1,1,1,0,1,0,100568,
zonzon,10066,800000,160,330,630,670,50,1,1,1,1,1,1,100367,
memorm,10103,800000,260,370,730,0,150,1,1,1,0,1,0,100565,
kokoro,10103,800000,200,430,650,690,120,1,1,1,1,1,1,100554,
poweri,10103,800000,260,490,750,910,130,1,1,1,1,1,4,100563,
nisenn,10103,800000,0,0,760,0,0,0,0,1,0,0,8,100555,
yukiya,10103,800000,190,400,610,0,110,1,1,1,0,1,3,100096,
zankyo,10103,800000,180,380,570,740,100,1,1,1,1,1,5,100124,
overlp,10103,800000,170,300,510,0,90,1,1,1,0,1,7,100119,
fracta,10103,800000,310,520,830,0,190,1,1,1,0,1,3,100529,
cantst,10103,800000,230,420,650,0,110,1,1,1,0,1,0,100455,
primaa,10104,800000,180,350,540,750,120,1,1,1,1,1,0,100527,
cyberg,10104,801000,230,350,600,0,120,1,1,1,0,1,0,100448,
freakw,10104,800000,220,420,650,660,130,1,1,1,1,1,0,100018,
aquali,10104,800000,160,340,580,0,110,1,1,1,0,1,4,100006,
takesc,10104,800000,270,370,690,0,100,1,1,1,0,1,1,100572,
cthugh,10104,800000,250,480,730,0,140,1,1,1,0,1,0,100531,
thetaa,10104,800000,210,340,620,0,110,1,1,1,0,1,1,100571,
nekofu,10064,1607000,220,340,570,800,100,1,1,1,1,1,6,100493,
howtru,10074,800000,120,250,530,740,80,1,1,1,1,1,0,100057,
romanc,10104,800000,280,550,780,0,100,1,1,1,0,1,0,100047,
kotobu,10104,800000,320,710,900,0,250,1,1,1,0,1,0,100573,
xmasss,10017,1607000,180,380,560,770,80,1,1,1,1,1,101,100417,
galaxy,10000,101000,160,320,430,670,100,1,1,1,1,1,0,100600,
rebell,10000,800000,490,630,910,0,0,1,1,1,0,0,0,100601,
anothe,10000,800000,270,370,730,760,0,1,1,1,1,0,0,100602,
addict,10000,800000,200,340,520,620,0,1,1,1,1,0,0,100603,
dirtyy,10000,800000,150,280,590,740,0,1,1,1,1,0,0,100604,
levelf,10000,101000,110,280,450,630,50,1,1,1,1,1,0,100605,
omnive,10000,800000,340,520,830,860,0,1,1,1,1,0,0,100606,
kakuse,10000,800000,170,550,750,0,0,1,1,1,0,0,0,100607,
unbeli,10000,101000,130,260,380,620,70,1,1,1,1,1,0,100608,
sonzai,10000,800000,260,400,590,660,0,1,1,1,1,0,0,100609,
okonik,10000,800000,260,450,670,0,0,1,1,1,0,0,0,100610,
crssho,10000,800000,350,600,850,0,100,1,1,1,0,1,0,100611,
reanim,10000,800000,280,440,700,800,0,1,1,1,1,0,0,100612,
kamino,10000,800000,400,620,780,0,150,1,1,1,0,1,0,100613,
fiveee,10000,101000,180,370,610,710,100,1,1,1,1,1,0,100614,
granda,10000,800000,210,380,790,0,0,1,1,1,0,0,0,100615,
fronti2,10000,800000,460,690,890,0,90,1,1,1,0,1,0,100616,
saigon,10000,800000,190,310,570,0,0,1,1,1,0,0,0,100617,
replay,10000,101000,180,440,630,700,80,1,1,1,1,1,0,100618,
mousou,10000,800000,160,260,540,0,0,1,1,1,0,0,0,100619,
aheadd,10000,101000,130,250,350,580,70,1,1,1,1,1,0,100620,
musicr1,10000,800000,220,330,580,740,120,1,1,1,1,1,0,100621,
getthe,10000,101000,170,370,490,660,60,1,1,1,1,1,0,100622,
design,10000,800000,150,390,680,690,0,1,1,1,1,0,0,100623,
garnet,10000,800000,260,460,700,940,0,1,1,1,1,0,0,100624,
hopesb,10000,101000,100,250,440,610,70,1,1,1,1,1,0,100625,
shooti,10000,101000,150,370,490,690,70,1,1,1,1,1,0,100626,
dangan,10000,800000,280,580,810,0,0,1,1,1,0,0,0,100627,
impact,10000,800000,240,600,720,900,200,1,1,1,1,1,0,100628,
lightm,10000,101000,260,330,540,710,110,1,1,1,1,1,0,100629,
miiroo,10000,101000,220,390,580,680,110,1,1,1,1,1,0,100630,
voiceo,10000,800000,180,340,580,590,0,1,1,1,1,0,0,100631,
cosmol,10000,800000,360,640,870,0,250,1,1,1,0,1,0,100632,
vividd,10000,101000,160,350,550,650,90,1,1,1,1,1,0,100633,
splash,10000,800000,260,500,710,0,0,1,1,1,0,0,0,100634,
donuth,10000,201000,220,400,540,800,110,1,1,1,1,1,0,100635,
senbon,10000,201000,200,280,540,740,120,1,1,1,1,1,0,100636,
kmtyju,10000,101000,240,310,570,740,120,1,1,1,1,1,0,100637,
fronti,10000,800000,480,650,820,0,130,1,1,1,0,1,0,100638,
nueraa,10000,800000,220,430,750,530,0,1,1,1,1,0,0,100639,
childe,10000,101000,90,240,340,560,40,1,1,1,1,1,0,100640,
dazzli2,10000,800000,350,600,820,0,190,1,1,1,0,1,0,100641,
perfec,10000,800000,390,640,780,0,0,1,1,1,0,0,0,100642,
flower,10000,101000,70,200,400,650,60,1,1,1,1,1,0,100643,
frgmnt,10000,800000,330,630,740,650,100,1,1,1,1,1,0,100644,
headph,10000,800000,240,320,520,0,0,1,1,1,0,0,0,100645,
crsang,10000,800000,270,530,670,0,130,1,1,1,0,1,0,100646,
musicr4,10000,800000,190,320,580,0,120,1,1,1,0,1,0,100647,
imaxim,10000,800000,440,690,900,870,0,1,1,1,1,0,0,100648,
azitat2,10000,800000,230,520,660,0,80,1,1,1,0,1,0,100649,
dynami,10000,800000,260,540,680,0,110,1,1,1,0,1,0,100650,
incave,10000,800000,220,440,760,780,0,1,1,1,1,0,0,100651,
aktuki,10000,800000,260,580,840,0,100,1,1,1,0,1,0,100652,
kindof,10000,800000,140,290,480,0,0,1,1,1,0,0,0,100653,
mikaku,10000,800000,190,310,540,0,0,1,1,1,0,0,0,100654,
strang,10000,800000,120,280,550,0,0,1,1,1,0,0,0,100655,
hesper,10000,800000,360,610,920,930,0,1,1,1,1,0,0,100656,
breaka,10000,101000,150,310,450,680,70,1,1,1,1,1,0,100657,
myname,10000,800000,60,140,300,570,0,1,1,1,1,0,0,100658,
amaiko,10000,800000,150,370,600,0,0,1,1,1,0,0,0,100659,
reseed2,10000,800000,220,470,630,0,0,1,1,1,0,0,0,100660,
kingst,10000,800000,380,630,740,0,120,1,1,1,0,1,0,100661,
ramram,10000,800000,230,340,670,0,0,1,1,1,0,0,0,100662,
murasa,10000,800000,280,410,760,0,0,1,1,1,0,0,0,100663,
happyd,10000,800000,220,410,730,790,180,1,1,1,1,1,0,100664,
izimed,10000,101000,190,390,690,770,90,1,1,1,1,1,0,100665,
wastel,10000,800000,40,120,230,400,0,1,1,1,1,0,0,100666,
assign,10000,800000,260,430,610,620,0,1,1,1,1,0,0,100667,
jahaci,10000,800000,170,290,590,0,0,1,1,1,0,0,0,100668,
hisuii,10000,800000,220,470,700,0,0,1,1,1,0,0,0,100669,
godkno,10000,101000,100,260,450,640,60,1,1,1,1,1,0,100670,
roadof,10000,101000,150,360,500,750,70,1,1,1,1,1,0,100671,
rokuch,10000,301000,210,350,620,810,110,1,1,1,1,1,0,100672,
valent,10000,800000,270,330,590,770,100,1,1,1,1,1,0,100673,
unfini,10000,101000,160,320,500,710,80,1,1,1,1,1,0,100674,
auflcb2,10000,800000,220,370,750,0,100,1,1,1,0,1,0,100675,
burnin,10000,800000,180,280,600,850,150,1,1,1,1,1,0,100676,
sphere,10000,800000,200,380,730,0,0,1,1,1,0,0,0,100677,
dropou,10000,101000,170,310,460,690,140,1,1,1,1,1,0,100678,
xencou,10000,101000,200,320,520,600,80,1,1,1,1,1,0,100679,
killyk,10000,101000,130,420,630,760,60,1,1,1,1,1,0,100680,
missil,10000,800000,160,380,590,0,0,1,1,1,0,0,0,100681,
burstt,10000,101000,120,250,460,630,70,1,1,1,1,1,0,100682,
musicr2,10000,800000,220,330,580,0,120,1,1,1,0,1,0,100683,
isingl,10000,800000,250,440,800,0,120,1,1,1,0,1,0,100684,
lvless,10000,800000,230,380,600,0,0,1,1,1,0,0,0,100685,
sapphi,10000,800000,290,440,810,0,0,1,1,1,0,0,0,100686,
musicr3,10000,800000,190,320,580,720,120,1,1,1,1,1,0,100687,
deeout,10000,800000,180,340,630,810,0,1,1,1,1,0,0,100688,
sugars,10000,101000,170,300,420,660,60,1,1,1,1,1,0,100689,
mercur,10000,800000,140,350,660,0,0,1,1,1,0,0,0,100690,
zizizi,10000,800000,300,570,880,960,0,1,1,1,1,0,0,100691,
wegooo,10000,101000,180,340,540,680,100,1,1,1,1,1,0,100692,
alonee,10000,101000,110,210,360,480,50,1,1,1,1,1,0,100693,
nuheat,10000,800000,290,440,650,850,0,1,1,1,1,0,0,100694,
granro,10000,101000,150,280,430,600,80,1,1,1,1,1,0,100695,
sister,10000,101000,100,270,460,630,70,1,1,1,1,1,0,100696,
lotusl,10000,800000,200,360,640,0,0,1,1,1,0,0,0,100697,
yukari,10000,800000,310,500,760,840,0,1,1,1,1,0,0,100698,
flawli,10000,101000,170,300,400,590,80,1,1,1,1,1,0,100699,
nightf,10000,800000,150,280,460,710,0,1,1,1,1,0,0,100700,
random,10000,800000,0,0,0,0,0,0,0,0,0,0,0,100701,
wiwwtw,10000,800000,260,380,620,0,0,1,1,1,0,0,0,100702,
inneru,10000,800000,220,360,480,670,90,1,1,1,1,1,0,100703,
taishi,10000,800000,190,350,580,0,0,1,1,1,0,0,0,100704,
daysss,10000,800000,380,590,810,810,0,1,1,1,1,0,0,100705,
bokuwa,10000,101000,230,340,550,690,160,1,1,1,1,1,0,100706,
showww,10000,800000,180,350,510,790,150,1,1,1,1,1,0,100707,
nevers,10000,101000,260,320,650,750,150,1,1,1,1,1,0,100708,
bleeze,10000,101000,160,310,470,620,90,1,1,1,1,1,0,100709,
dreami,10000,800000,140,370,650,0,0,1,1,1,0,0,0,100710,
allune,10000,110002000,140,350,710,0,0,1,1,1,0,0,0,100711,
always,10000,110002000,130,270,490,0,0,1,1,1,0,0,0,100712,
anomie2,10000,110002000,160,430,840,0,0,1,1,1,0,0,0,100713,
aquali2,10000,110002000,220,430,600,810,0,1,1,1,1,0,0,100714,
astaro,10000,110002000,230,400,740,0,0,1,1,1,0,0,0,100715,
bassan,10000,110002000,200,320,660,0,0,1,1,1,0,0,0,100716,
zonzon2,10000,110002000,130,270,680,750,0,1,1,1,1,0,0,100717,
bouled,10000,110002000,190,300,570,0,0,1,1,1,0,0,0,100718,
brandn,10000,110002000,90,390,660,720,0,1,1,1,1,0,0,100719,
bravee,10000,110002000,350,600,820,0,250,1,1,1,0,0,0,100720,
breakd2,10000,110002000,340,640,740,0,0,1,1,1,0,0,0,100721,
buffet,10000,110002000,380,550,680,0,300,1,1,1,0,0,0,100722,
buzzke,10000,110002000,180,330,580,770,0,1,1,1,1,0,0,100723,
cashhh,10000,110002000,190,250,640,0,0,1,1,1,0,0,0,100724,
cloudb,10000,110002000,370,660,740,0,250,1,1,1,0,0,0,100725,
clouds,10000,110002000,130,250,470,0,0,1,1,1,0,0,0,100726,
codepa,10000,110002000,290,550,700,0,150,1,1,1,0,0,0,100727,
comear,10000,110002000,380,560,830,0,250,1,1,1,0,0,0,100728,
crysta,10000,110002000,370,560,810,0,300,1,1,1,0,0,0,100729,
curseo,10000,110002000,220,360,740,0,0,1,1,1,0,0,0,100730,
datami,10000,110002000,180,360,660,0,0,1,1,1,0,0,0,100731,
defaul,10000,110002000,210,330,480,0,0,1,1,1,0,0,0,100732,
design2,10000,110002000,250,430,680,0,0,1,1,1,0,0,0,100733,
diamon,10000,110002000,100,260,330,0,0,1,1,1,0,0,0,100734,
dispel,10000,110002000,280,480,800,0,0,1,1,1,0,0,0,100735,
distan,10000,110002000,200,300,680,0,0,1,1,1,0,0,0,100736,
dokibl,10000,110002000,150,230,670,0,0,1,1,1,0,0,0,100737,
dontwa,10000,110002000,130,340,690,0,0,1,1,1,0,0,0,100738,
drgirl,10000,110002000,190,350,540,730,0,1,1,1,1,0,0,100739,
eterna,10000,110002000,120,210,390,0,0,1,1,1,0,0,0,100740,
everkr,10000,110002000,180,290,410,0,0,1,1,1,0,0,0,100741,
everwh,10000,110002000,200,310,580,0,0,1,1,1,0,0,0,100742,
farthe,10000,110002000,300,560,780,870,0,1,1,1,1,0,0,100743,
filame,10000,110002000,230,380,630,0,0,1,1,1,0,0,0,100744,
flameu2,10000,110002000,170,240,590,0,0,1,1,1,0,0,0,100745,
freeee,10000,110002000,190,390,690,0,0,1,1,1,0,0,0,100746,
funkyb2,10000,110002000,210,340,560,0,0,1,1,1,0,0,0,100747,
granda2,10000,110002000,240,410,730,830,0,1,1,1,1,0,0,100748,
hsphsp,10000,110002000,120,250,690,0,0,1,1,1,0,0,0,100749,
halluc,10000,110002000,400,520,870,0,0,1,1,1,0,0,0,100750,
indigo,10000,110002000,170,330,500,750,0,1,1,1,1,0,0,100751,
inters,10000,110002000,250,420,770,0,0,1,1,1,0,0,0,100752,
incave2,10000,110002000,310,570,880,0,0,1,1,1,0,0,0,100753,
ioniza,10000,110002000,170,340,700,850,0,1,1,1,1,0,0,100754,
guilty,10000,110002000,150,280,500,0,0,1,1,1,0,0,0,100755,
keraun,10000,110002000,250,520,790,0,0,1,1,1,0,0,0,100756,
landin2,10000,110002000,200,340,590,660,0,1,1,1,1,0,0,100757,
videog,10000,110002000,210,370,620,0,0,1,1,1,0,0,0,100758,
loseyo,10000,110002000,200,300,710,0,0,1,1,1,0,0,0,100759,
machin,10000,110002000,120,280,720,0,0,1,1,1,0,0,0,100760,
makeit,10000,110002000,110,240,480,0,0,1,1,1,0,0,0,100761,
daydre,10000,110002000,190,360,800,0,0,1,1,1,0,0,0,100762,
metron,10000,110002000,200,440,710,0,0,1,1,1,0,0,0,100763,
milkyw,10000,110002000,220,310,600,0,0,1,1,1,0,0,0,100764,
nayuta,10000,110002000,170,370,680,0,0,1,1,1,0,0,0,100766,
nightm,10000,110002000,200,490,730,0,0,1,1,1,0,0,0,100767,
otherw,10000,110002000,230,410,760,0,0,1,1,1,0,0,0,100768,
overth,10000,110002000,330,570,820,0,250,1,1,1,0,0,0,100769,
uuuuuu,10000,110002000,230,370,740,0,0,1,1,1,0,0,0,100770,
rainin,10000,110002000,160,410,690,0,0,1,1,1,0,0,0,100771,
raisey,10000,110002000,230,550,750,0,150,1,1,1,0,0,0,100772,
resona,10000,110002000,170,320,640,0,0,1,1,1,0,0,0,100773,
reuniv,10000,110002000,140,230,410,0,0,1,1,1,0,0,0,100774,
rhythm,10000,110002000,370,560,780,0,250,1,1,1,0,0,0,100775,
rushhh,10000,110002000,250,370,750,0,0,1,1,1,0,0,0,100776,
steeee,10000,110002000,300,580,870,0,0,1,1,1,0,0,0,100777,
sangey,10000,110002000,270,470,850,0,0,1,1,1,0,0,0,100778,
senpai,10000,110002000,380,540,770,0,250,1,1,1,0,0,0,100779,
sestea,10000,110002000,270,470,760,0,0,1,1,1,0,0,0,100780,
silver,10000,110002000,280,400,690,0,0,1,1,1,0,0,0,100781,
sodama,10000,110002000,200,400,650,0,0,1,1,1,0,0,0,100782,
stardu,10000,110002000,190,330,640,0,0,1,1,1,0,0,0,100783,
starti,10000,110002000,170,310,540,700,0,1,1,1,1,0,0,100784,
sunday,10000,110002000,180,290,460,670,0,1,1,1,1,0,0,100785,
sundro2,10000,110002000,300,480,790,820,0,1,1,1,1,0,0,100786,
sunnyd,10000,110002000,230,380,590,0,0,1,1,1,0,0,0,100787,
superl,10000,110002000,150,320,590,0,0,1,1,1,0,0,0,100788,
switch,10000,110002000,160,350,690,0,0,1,1,1,0,0,0,100789,
theepi2,10000,110002000,220,370,650,0,0,1,1,1,0,0,0,100790,
epipha,10000,110002000,150,300,700,0,0,1,1,1,0,0,0,100791,
thekin,10000,110002000,220,520,750,0,0,1,1,1,0,0,0,100792,
timele,10000,110002000,160,330,720,0,0,1,1,1,0,0,0,100793,
tokyoo,10000,110002000,150,330,710,0,0,1,1,1,0,0,0,100794,
toooma,10000,110002000,300,510,770,0,0,1,1,1,0,0,0,100795,
toucho2,10000,110002000,170,320,520,780,0,1,1,1,1,0,0,100796,
tayuta,10000,110002000,260,350,720,0,0,1,1,1,0,0,0,100797,
ultrix,10000,110002000,270,450,760,0,0,1,1,1,0,0,0,100798,
underw,10000,110002000,290,460,690,860,0,1,1,1,1,0,0,100799,
virtua,10000,110002000,150,350,630,0,0,1,1,1,0,0,0,100800,
voiceo2,10000,110002000,140,380,670,0,0,1,1,1,0,0,0,100801,
wannab2,10000,110002000,260,410,690,0,0,1,1,1,0,0,0,100802,
wiwwtw2,10000,110002000,200,430,670,720,0,1,1,1,1,0,0,100803,
wingso,10000,110002000,200,530,710,0,0,1,1,1,0,0,0,100804,
winter,10000,110002000,140,240,410,0,0,1,1,1,0,0,0,100805,
iineee,10000,110002000,210,400,810,0,0,1,1,1,0,0,0,100806,
illumi,10000,110002000,100,250,460,630,0,1,1,1,1,0,0,100807,
yellll,10000,110002000,80,170,520,0,0,1,1,1,0,0,0,100808,
eschat,10000,110002000,360,570,770,0,250,1,1,1,0,0,0,100809,
counte,10000,110002000,290,340,710,0,0,1,1,1,0,0,0,100810,
gimcho,10000,110002000,180,390,700,0,0,1,1,1,0,0,0,100811,
surviv,10000,110002000,240,400,650,0,0,1,1,1,0,0,0,100812,
turkis3,10000,110002000,60,200,480,0,0,1,1,1,0,0,0,100814,
picora2,10000,110002000,280,530,800,0,0,1,1,1,0,0,0,100815,
fortis,10000,110002000,200,370,530,0,0,1,1,1,0,0,0,100816,
hedban,10000,110002000,160,430,660,0,0,1,1,1,0,0,0,100817,
megitu,10000,110002000,150,300,490,0,0,1,1,1,0,0,0,100818,
rockma,10000,110002000,270,480,730,0,0,1,1,1,0,0,0,100819,
kounen2,10000,110002000,210,430,730,0,0,1,1,1,0,0,0,100820,
saisyu,10000,110002000,180,360,560,0,0,1,1,1,0,0,0,100821,
yuukan,10000,110002000,220,330,780,0,0,1,1,1,0,0,0,100822,
modern,10000,110002000,200,320,560,0,0,1,1,1,0,0,0,100823,
miraie,10000,110002000,210,350,660,0,0,1,1,1,0,0,0,100824,
ranfes,10000,110002000,200,420,650,0,0,1,1,1,0,0,0,100825,
nemure,10000,110002000,150,380,670,760,0,1,1,1,1,0,0,100826,
yuwaku,10000,110002000,150,260,430,0,0,1,1,1,0,0,0,100827,
dontst,10000,110002000,150,320,560,700,0,1,1,1,1,0,0,100828,
mottai,10000,110002000,100,260,360,0,0,1,1,1,0,0,0,100829,
slysly,10000,110002000,100,330,580,0,0,1,1,1,0,0,0,100830,
lookam,10000,110002000,170,340,670,0,0,1,1,1,0,0,0,100831,
feverr,10000,110002000,280,480,680,0,0,1,1,1,0,0,0,100832,
fashio,10000,110002000,80,240,390,0,0,1,1,1,0,0,0,100833,
hagito,10000,110002000,120,260,500,0,0,1,1,1,0,0,0,100834,
invade,10000,110002000,100,280,470,0,0,1,1,1,0,0,0,100835,
ainoch,10000,110002000,170,400,590,0,0,1,1,1,0,0,0,100836,
nakama,10000,110002000,140,320,530,0,0,1,1,1,0,0,0,100837,
ninjar,10000,110002000,80,230,410,650,0,1,1,1,1,0,0,100838,
parall,10000,110002000,140,350,610,0,0,1,1,1,0,0,0,100839,
yukifu,10000,110002000,130,290,510,0,0,1,1,1,0,0,0,100840,
furiso,10000,110002000,120,240,440,740,0,1,1,1,1,0,0,100841,
honeyj,10064,802000,320,630,880,930,240,1,1,1,1,1,6,100842,
emeraj,10000,802000,300,530,850,0,190,1,1,1,0,1,1,100843,
dazzlo,10000,802000,350,600,800,900,160,1,1,1,1,1,1,100844,
shares,10000,800000,0,0,0,0,0,0,0,0,0,0,0,100844,
